name,platform,post_sum_6m,like_count_post_6m,comment_count_post_6m,share_count_post_6m,view_count_post_6m,video_post_sum_6m,like_count_video_6m,comment_count_video_6m,share_count_video_6m,view_count_video_6m,short_post_sum_6m,like_count_short_6m,comment_count_short_6m,share_count_short_6m,view_count_short_6m,live_post_sum_6m,like_count_live_6m,comment_count_live_6m,share_count_live_6m,view_count_live_6m,follower_count_processed,live,post,short,video,avg_post_voice,avg_video_voice,avg_short_voice,avg_live_voice
35線上賞屋,fb,23.0,614.0,23.0,16.0,0.0,36.0,2327.0,79.0,248.0,424308.0,0.0,0.0,0.0,0.0,0.0,0.0,0.0,0.0,0.0,0.0,52000.0,25000.0,46000.0,187000.0,250000.0,5.917391047069955,1194.974966806251,0.0,0.0
Mr. Market 市場先生,fb,4.0,3611.0,1186.0,118.0,0.0,0.0,0.0,0.0,0.0,0.0,0.0,0.0,0.0,0.0,0.0,0.0,0.0,0.0,0.0,0.0,284000.0,99000.0,120000.0,202000.0,368000.0,281.2999296750176,0.0,0.0,0.0
SALU,fb,5.0,910.0,12.0,8.0,0.0,12.0,1769.0,63.0,29.0,14200.0,0.0,0.0,0.0,0.0,0.0,0.0,0.0,0.0,0.0,0.0,49000.0,13000.0,15000.0,250000.0,133000.0,37.75999244800151,150.35832080347328,0.0,0.0
凱特愛跟瘋,fb,21.0,1602.0,273.0,11.0,1289.0,11.0,1636.0,63.0,312.0,89876.0,0.0,0.0,0.0,0.0,0.0,0.0,0.0,0.0,0.0,0.0,7000.0,1000.0,2000.0,179000.0,122000.0,25.504760690249487,859.863558194222,0.0,0.0
我們是四胞胎,fb,0.0,0.0,0.0,0.0,0.0,0.0,0.0,0.0,0.0,0.0,0.0,0.0,0.0,0.0,0.0,0.0,0.0,0.0,0.0,0.0,190000.0,40000.0,12000.0,178000.0,7000.0,0.0,0.0,0.0,0.0
艾琳的日常Erin's Diary,fb,110.0,71153.0,3370.0,575.0,157780.0,34.0,8343.0,377.0,305.0,787064.0,0.0,0.0,0.0,0.0,0.0,0.0,0.0,0.0,0.0,0.0,83000.0,26000.0,32000.0,249000.0,170000.0,284.08727014466115,2370.885224385729,0.0,0.0
萌萌の生活日記,fb,8.0,587.0,27.0,6.0,0.0,0.0,0.0,0.0,0.0,0.0,0.0,0.0,0.0,0.0,0.0,0.0,0.0,0.0,0.0,0.0,7000.0,1000.0,2000.0,215000.0,124000.0,15.987498001562752,0.0,0.0,0.0
處女座媽媽的瑣碎日常,fb,38.0,78545.0,4665.0,586.0,0.0,41.0,42018.0,1952.0,1540.0,1123604.0,0.0,0.0,0.0,0.0,0.0,0.0,0.0,0.0,0.0,0.0,129000.0,38000.0,40000.0,213000.0,170000.0,456.3920932528397,2974.770659151936,0.0,0.0
身心科 李旻珊醫師,fb,21.0,10008.0,464.0,123.0,0.0,11.0,4453.0,172.0,102.0,213502.0,0.0,0.0,0.0,0.0,0.0,0.0,0.0,0.0,0.0,0.0,28000.0,17000.0,37000.0,243000.0,238000.0,104.28570931972811,2030.2907245190247,0.0,0.0
陳儀潔（小肥）,fb,6.0,5925.0,215.0,115.0,0.0,6.0,1770.0,43.0,39.0,0.0,0.0,0.0,0.0,0.0,0.0,0.0,0.0,0.0,0.0,0.0,29000.0,6000.0,6000.0,188000.0,112000.0,215.91663068056155,63.74998937500177,0.0,0.0
陳翊萱 Amily,fb,15.0,3099.0,328.0,27.0,0.0,2.0,314.0,38.0,24.0,92158.0,0.0,0.0,0.0,0.0,0.0,0.0,0.0,0.0,0.0,0.0,44000.0,18000.0,32000.0,116000.0,204000.0,48.59999676000022,4649.797675101162,0.0,0.0
雙寶媽咪探險日記,fb,6.0,551.0,13.0,1.0,0.0,0.0,0.0,0.0,0.0,0.0,0.0,0.0,0.0,0.0,0.0,0.0,0.0,0.0,0.0,0.0,7000.0,1000.0,3000.0,184000.0,124000.0,19.08333015277831,0.0,0.0,0.0
35線上賞屋,yt,0.0,0.0,0.0,0.0,0.0,39.0,21934.0,3556.0,0.0,2055344.0,18.0,581.0,26.0,0.0,51482.0,0.0,0.0,0.0,0.0,0.0,525000.0,5000000.0,5000000.0,5000000.0,420000.0,0.0,5493.543448883504,296.5610946354948,0.0
77老大,yt,0.0,0.0,0.0,0.0,0.0,45.0,168110.0,11884.0,0.0,7885575.0,0.0,0.0,0.0,0.0,0.0,0.0,0.0,0.0,0.0,0.0,1450000.0,5000000.0,5000000.0,5000000.0,630000.0,0.0,18802.686248829195,0.0,0.0
Cindy H,yt,0.0,0.0,0.0,0.0,0.0,32.0,44602.0,3028.0,0.0,2013092.0,2.0,477.0,8.0,0.0,17642.0,0.0,0.0,0.0,0.0,0.0,203000.0,5000000.0,5000000.0,5000000.0,60000.0,0.0,6765.8310385677805,956.0495219752388,0.0
Meg 今天穿什麼,yt,0.0,0.0,0.0,0.0,0.0,34.0,51000.0,4457.0,0.0,2927565.0,5.0,5944.0,91.0,0.0,184642.0,0.0,0.0,0.0,0.0,0.0,324000.0,5000000.0,5000000.0,5000000.0,140000.0,0.0,9139.137966495944,4060.3991879201617,0.0
Men's Game 玩物誌,yt,0.0,0.0,0.0,0.0,0.0,65.0,81377.0,11855.0,0.0,4814492.0,8.0,2719.0,247.0,0.0,133489.0,0.0,0.0,0.0,0.0,0.0,596000.0,5000000.0,5000000.0,5000000.0,210000.0,0.0,7891.927570893423,1789.0997763625285,0.0
SelinaCheng Life,yt,0.0,0.0,0.0,0.0,0.0,29.0,32181.0,2977.0,0.0,1687350.0,7.0,5810.0,81.0,0.0,182717.0,0.0,0.0,0.0,0.0,0.0,228000.0,5000000.0,5000000.0,5000000.0,158000.0,0.0,6212.94806162248,2866.1853048306707,0.0
Shell.《一個女仔去台灣》,yt,0.0,0.0,0.0,0.0,0.0,6.0,4451.0,459.0,0.0,92733.0,2.0,108.0,2.0,0.0,1951.0,0.0,0.0,0.0,0.0,0.0,34000.0,5000000.0,5000000.0,5000000.0,33000.0,0.0,1813.9996976667169,114.3499428250286,0.0
Shinli ,yt,0.0,0.0,0.0,0.0,0.0,34.0,49259.0,4326.0,0.0,2841674.0,5.0,5963.0,91.0,0.0,184500.0,0.0,0.0,0.0,0.0,0.0,297000.0,5000000.0,5000000.0,5000000.0,126000.0,0.0,8868.84385679871,4058.6991882601615,0.0
Shoko,yt,0.0,0.0,0.0,0.0,0.0,31.0,40528.0,3664.0,0.0,2408760.0,5.0,6055.0,92.0,0.0,183788.0,0.0,0.0,0.0,0.0,0.0,163000.0,5000000.0,5000000.0,5000000.0,57000.0,0.0,8233.315863441423,4050.099189980162,0.0
TEEPR 推一波,yt,0.0,0.0,0.0,0.0,0.0,65.0,126634.0,8651.0,0.0,9012012.0,7.0,2997.0,84.0,0.0,71169.0,0.0,0.0,0.0,0.0,0.0,515000.0,5000000.0,5000000.0,5000000.0,52000.0,0.0,14528.953622631485,1152.3426925224726,0.0
Tang_ful,yt,0.0,0.0,0.0,0.0,0.0,26.0,33438.0,2549.0,0.0,1620038.0,0.0,0.0,0.0,0.0,0.0,0.0,0.0,0.0,0.0,0.0,174000.0,5000000.0,5000000.0,5000000.0,74000.0,0.0,6675.5612817091815,0.0,0.0
The DoDo Men,yt,0.0,0.0,0.0,0.0,0.0,39.0,68572.0,5788.0,0.0,3796807.0,6.0,5758.0,89.0,0.0,186072.0,0.0,0.0,0.0,0.0,0.0,595000.0,5000000.0,5000000.0,5000000.0,280000.0,0.0,10351.925375591658,3397.999433666761,0.0
Yin & Yei 雙生過日子,yt,0.0,0.0,0.0,0.0,0.0,17.0,10250.0,952.0,0.0,493920.0,1.0,59.0,2.0,0.0,1653.0,0.0,0.0,0.0,0.0,0.0,110000.0,5000000.0,5000000.0,5000000.0,105000.0,0.0,3119.893934123886,184.1998158001842,0.0
lexww歐亞力,yt,0.0,0.0,0.0,0.0,0.0,14.0,42383.0,2018.0,0.0,1552663.0,0.0,0.0,0.0,0.0,0.0,0.0,0.0,0.0,0.0,0.0,80000.0,5000000.0,5000000.0,5000000.0,35000.0,0.0,12085.141993918429,0.0,0.0
三原japan,yt,0.0,0.0,0.0,0.0,0.0,47.0,96046.0,7869.0,0.0,5153901.0,8.0,5463.0,86.0,0.0,188306.0,0.0,0.0,0.0,0.0,0.0,1020000.0,5000000.0,5000000.0,5000000.0,500000.0,0.0,11679.261453632736,2565.1371793578533,0.0
六指淵,yt,0.0,0.0,0.0,0.0,0.0,40.0,73005.0,6124.0,0.0,4016700.0,7.0,5711.0,89.0,0.0,186434.0,0.0,0.0,0.0,0.0,0.0,663000.0,5000000.0,5000000.0,5000000.0,315000.0,0.0,10681.14723297132,2915.7281548959786,0.0
冰蹦拉icebonla,yt,0.0,0.0,0.0,0.0,0.0,36.0,57174.0,4925.0,0.0,3233350.0,6.0,5879.0,90.0,0.0,185145.0,0.0,0.0,0.0,0.0,0.0,419000.0,5000000.0,5000000.0,5000000.0,189000.0,0.0,9540.060846109422,3388.699435216761,0.0
吃貨豪豪,yt,0.0,0.0,0.0,0.0,0.0,38.0,64818.0,5504.0,0.0,3611279.0,6.0,5798.0,90.0,0.0,185767.0,0.0,0.0,0.0,0.0,0.0,537000.0,5000000.0,5000000.0,5000000.0,250000.0,0.0,10101.991839421267,3395.01610083065,0.0
妞妞family,yt,0.0,0.0,0.0,0.0,0.0,38.0,66015.0,5595.0,0.0,3669677.0,6.0,5784.0,89.0,0.0,185863.0,0.0,0.0,0.0,0.0,0.0,556000.0,5000000.0,5000000.0,5000000.0,260000.0,0.0,10266.557624564271,3395.816100697317,0.0
宇恩,yt,0.0,0.0,0.0,0.0,0.0,32.0,41615.0,3747.0,0.0,2463745.0,5.0,6045.0,92.0,0.0,183878.0,0.0,0.0,0.0,0.0,0.0,179000.0,5000000.0,5000000.0,5000000.0,65000.0,0.0,8159.599745012509,4051.2991897401616,0.0
安安，邊緣子,yt,0.0,0.0,0.0,0.0,0.0,36.0,58508.0,5026.0,0.0,3298621.0,6.0,5864.0,90.0,0.0,185253.0,0.0,0.0,0.0,0.0,0.0,440000.0,5000000.0,5000000.0,5000000.0,200000.0,0.0,9734.169174050856,3389.7494350417605,0.0
小日刀口,yt,0.0,0.0,0.0,0.0,0.0,16.0,2494.0,162.0,0.0,228800.0,0.0,0.0,0.0,0.0,0.0,0.0,0.0,0.0,0.0,0.0,168000.0,5000000.0,5000000.0,5000000.0,55000.0,0.0,1482.837407322662,0.0,0.0
小日刀口,yt,0.0,0.0,0.0,0.0,0.0,16.0,2494.0,162.0,0.0,228800.0,0.0,0.0,0.0,0.0,0.0,0.0,0.0,0.0,0.0,0.0,168000.0,5000000.0,5000000.0,5000000.0,55000.0,0.0,1482.837407322662,0.0,0.0
小米,yt,0.0,0.0,0.0,0.0,0.0,35.0,53123.0,4618.0,0.0,3030616.0,6.0,5920.0,91.0,0.0,184812.0,0.0,0.0,0.0,0.0,0.0,358000.0,5000000.0,5000000.0,5000000.0,158000.0,0.0,9193.408308759765,3385.299435783428,0.0
小象愛出門,yt,0.0,0.0,0.0,0.0,0.0,34.0,51000.0,4457.0,0.0,2927565.0,5.0,5944.0,91.0,0.0,184642.0,0.0,0.0,0.0,0.0,0.0,324000.0,5000000.0,5000000.0,5000000.0,140000.0,0.0,9139.137966495944,4060.3991879201617,0.0
徐海莉,yt,0.0,0.0,0.0,0.0,0.0,35.0,55161.0,4773.0,0.0,3133713.0,6.0,5901.0,91.0,0.0,184981.0,0.0,0.0,0.0,0.0,0.0,388000.0,5000000.0,5000000.0,5000000.0,173000.0,0.0,9508.096871197233,3387.1661021389828,0.0
懶錢包,yt,0.0,0.0,0.0,0.0,0.0,31.0,37725.0,3452.0,0.0,2271344.0,5.0,6086.0,93.0,0.0,183562.0,0.0,0.0,0.0,0.0,0.0,119000.0,5000000.0,5000000.0,5000000.0,34000.0,0.0,7758.809427135181,4047.5591904881617,0.0
我是賴瑞 /iamLarrie,yt,0.0,0.0,0.0,0.0,0.0,59.0,18829.0,2915.0,0.0,1279180.0,6.0,663.0,66.0,0.0,27343.0,0.0,0.0,0.0,0.0,0.0,210000.0,5000000.0,5000000.0,5000000.0,63000.0,0.0,2293.4864018053154,495.46658408890266,0.0
普通女子 孫女,yt,0.0,0.0,0.0,0.0,0.0,14.0,95713.0,10494.0,0.0,3730948.0,1.0,318.0,9.0,0.0,8267.0,0.0,0.0,0.0,0.0,0.0,287000.0,5000000.0,5000000.0,5000000.0,140000.0,0.0,29150.362203545566,927.4990725009276,0.0
潘令傑,yt,0.0,0.0,0.0,0.0,0.0,39.0,66448.0,5628.0,0.0,3693756.0,6.0,5782.0,89.0,0.0,185902.0,0.0,0.0,0.0,0.0,0.0,561000.0,5000000.0,5000000.0,5000000.0,262000.0,0.0,10068.892049515593,3396.36610060565,0.0
社群丼傑哥,yt,0.0,0.0,0.0,0.0,0.0,32.0,41343.0,3726.0,0.0,2449999.0,5.0,6047.0,92.0,0.0,183856.0,0.0,0.0,0.0,0.0,0.0,175000.0,5000000.0,5000000.0,5000000.0,63000.0,0.0,8113.699746446883,4050.9791898041617,0.0
篠崎泫|Hsyan|篠崎泫 Hsyan,yt,0.0,0.0,0.0,0.0,0.0,34.0,51110.0,4465.0,0.0,2930979.0,5.0,5941.0,91.0,0.0,184648.0,0.0,0.0,0.0,0.0,0.0,327000.0,5000000.0,5000000.0,5000000.0,142000.0,0.0,9150.290907344386,4060.3391879321616,0.0
艾琳的日常Erin's Diary,yt,0.0,0.0,0.0,0.0,0.0,35.0,54754.0,4742.0,0.0,3113093.0,6.0,5904.0,91.0,0.0,184947.0,0.0,0.0,0.0,0.0,0.0,382000.0,5000000.0,5000000.0,5000000.0,170000.0,0.0,9445.16258728107,3386.7494355417607,0.0
薔薇Chiang Weiii,yt,0.0,0.0,0.0,0.0,0.0,27.0,24477.0,2422.0,0.0,1465755.0,5.0,6064.0,88.0,0.0,182292.0,0.0,0.0,0.0,0.0,0.0,9000.0,5000000.0,5000000.0,5000000.0,10000.0,0.0,5754.510897981078,4020.239195952161,0.0
處女座媽媽的瑣碎日常,yt,0.0,0.0,0.0,0.0,0.0,40.0,55115.0,5872.0,0.0,3200363.0,1.0,387.0,5.0,0.0,14573.0,0.0,0.0,0.0,0.0,0.0,180000.0,5000000.0,5000000.0,5000000.0,168000.0,0.0,8502.349787441257,1576.3984236015767,0.0
進藤喜彥,yt,0.0,0.0,0.0,0.0,0.0,36.0,56223.0,4853.0,0.0,3185238.0,6.0,5888.0,91.0,0.0,185066.0,0.0,0.0,0.0,0.0,0.0,405000.0,5000000.0,5000000.0,5000000.0,182000.0,0.0,9397.291405630796,3387.932768677872,0.0
那個矮子,yt,0.0,0.0,0.0,0.0,0.0,31.0,40418.0,3656.0,0.0,2405347.0,5.0,6058.0,92.0,0.0,183782.0,0.0,0.0,0.0,0.0,0.0,160000.0,5000000.0,5000000.0,5000000.0,55000.0,0.0,8221.086831577843,4050.1591899681625,0.0
那對夫妻,yt,0.0,0.0,0.0,0.0,0.0,54.0,82090.0,3147.0,0.0,3515114.0,9.0,77765.0,847.0,0.0,2390429.0,0.0,0.0,0.0,0.0,0.0,708000.0,5000000.0,5000000.0,5000000.0,250000.0,0.0,7000.492462953845,29208.952310116416,0.0
阿滴,yt,0.0,0.0,0.0,0.0,0.0,49.0,105678.0,8598.0,0.0,5628007.0,8.0,5359.0,85.0,0.0,189088.0,0.0,0.0,0.0,0.0,0.0,1170000.0,5000000.0,5000000.0,5000000.0,578000.0,0.0,12238.018117591471,2570.937178632853,0.0
阿鑫,yt,0.0,0.0,0.0,0.0,0.0,33.0,46048.0,4083.0,0.0,2683639.0,5.0,5998.0,92.0,0.0,184240.0,0.0,0.0,0.0,0.0,0.0,247000.0,5000000.0,5000000.0,5000000.0,100000.0,0.0,8625.093678027466,4055.7191888561615,0.0
驚世一家,yt,0.0,0.0,0.0,0.0,0.0,22.0,20302.0,2356.0,0.0,1591729.0,0.0,0.0,0.0,0.0,0.0,0.0,0.0,0.0,0.0,0.0,72000.0,5000000.0,5000000.0,5000000.0,25000.0,0.0,7576.231473807661,0.0,0.0
驚世一家,yt,0.0,0.0,0.0,0.0,0.0,22.0,20302.0,2356.0,0.0,1591729.0,0.0,0.0,0.0,0.0,0.0,0.0,0.0,0.0,0.0,0.0,72000.0,5000000.0,5000000.0,5000000.0,25000.0,0.0,7576.231473807661,0.0,0.0
黃小米Mii,yt,0.0,0.0,0.0,0.0,0.0,39.0,76874.0,8633.0,0.0,6203126.0,8.0,2663.0,19.0,0.0,95875.0,0.0,0.0,0.0,0.0,0.0,583000.0,5000000.0,5000000.0,5000000.0,178000.0,0.0,16629.60470180501,1299.7248375343954,0.0
Ann,ig,0.0,0.0,0.0,0.0,0.0,0.0,0.0,0.0,0.0,0.0,0.0,0.0,0.0,0.0,0.0,0.0,0.0,0.0,0.0,0.0,13000.0,21000.0,27000.0,70000.0,5000000.0,0.0,0.0,0.0,0.0
Ann,ig,1.0,25.0,0.0,0.0,0.0,0.0,0.0,0.0,0.0,0.0,0.0,0.0,0.0,0.0,0.0,0.0,0.0,0.0,0.0,0.0,13000.0,21000.0,27000.0,70000.0,5000000.0,7.499992500007501,0.0,0.0,0.0
Ann,ig,1.0,20.0,2.0,0.0,0.0,0.0,0.0,0.0,0.0,0.0,0.0,0.0,0.0,0.0,0.0,0.0,0.0,0.0,0.0,0.0,13000.0,21000.0,27000.0,70000.0,5000000.0,6.9999930000070005,0.0,0.0,0.0
Ann,ig,2.0,0.0,17.0,0.0,0.0,0.0,0.0,0.0,0.0,0.0,0.0,0.0,0.0,0.0,0.0,0.0,0.0,0.0,0.0,0.0,13000.0,21000.0,27000.0,70000.0,5000000.0,4.249997875001062,0.0,0.0,0.0
Ann,ig,3.0,511.0,42.0,0.0,0.0,0.0,0.0,0.0,0.0,0.0,0.0,0.0,0.0,0.0,0.0,0.0,0.0,0.0,0.0,0.0,13000.0,21000.0,27000.0,70000.0,5000000.0,58.099980633339776,0.0,0.0,0.0
Ann,ig,4.0,719.0,9.0,0.0,0.0,0.0,0.0,0.0,0.0,0.0,0.0,0.0,0.0,0.0,0.0,0.0,0.0,0.0,0.0,0.0,13000.0,21000.0,27000.0,70000.0,5000000.0,55.04998623750343,0.0,0.0,0.0
Ann,ig,6.0,2121.0,8.0,0.0,0.0,0.0,0.0,0.0,0.0,0.0,0.0,0.0,0.0,0.0,0.0,0.0,0.0,0.0,0.0,0.0,13000.0,21000.0,27000.0,70000.0,5000000.0,106.71664888055852,0.0,0.0,0.0
Ann,ig,7.0,521.0,52.0,0.0,0.0,0.0,0.0,0.0,0.0,0.0,1.0,82.0,12.0,0.0,0.0,0.0,0.0,0.0,0.0,0.0,13000.0,21000.0,27000.0,70000.0,5000000.0,26.042853422449507,0.0,30.5999694000306,0.0
Ann,ig,8.0,0.0,31.0,0.0,0.0,0.0,0.0,0.0,0.0,0.0,0.0,0.0,0.0,0.0,0.0,0.0,0.0,0.0,0.0,0.0,13000.0,21000.0,27000.0,70000.0,5000000.0,1.9374997578125304,0.0,0.0,0.0
Ann,ig,10.0,15001.0,98.0,0.0,0.0,0.0,0.0,0.0,0.0,0.0,0.0,0.0,0.0,0.0,0.0,0.0,0.0,0.0,0.0,0.0,13000.0,21000.0,27000.0,70000.0,5000000.0,454.9299545070046,0.0,0.0,0.0
Ann,ig,10.0,0.0,36.0,0.0,0.0,0.0,0.0,0.0,0.0,0.0,1.0,3.0,0.0,0.0,237.0,0.0,0.0,0.0,0.0,0.0,13000.0,21000.0,27000.0,70000.0,5000000.0,1.7999998200000182,0.0,48.29995170004831,0.0
Ann,ig,11.0,1554.0,61.0,0.0,0.0,0.0,0.0,0.0,0.0,0.0,0.0,0.0,0.0,0.0,0.0,0.0,0.0,0.0,0.0,0.0,13000.0,21000.0,27000.0,70000.0,5000000.0,45.15454134958714,0.0,0.0,0.0
Ann,ig,12.0,0.0,41.0,0.0,0.0,0.0,0.0,0.0,0.0,0.0,0.0,0.0,0.0,0.0,0.0,0.0,0.0,0.0,0.0,0.0,13000.0,21000.0,27000.0,70000.0,5000000.0,1.708333190972234,0.0,0.0,0.0
Ann,ig,12.0,2048.0,88.0,0.0,0.0,0.0,0.0,0.0,0.0,0.0,0.0,0.0,0.0,0.0,0.0,0.0,0.0,0.0,0.0,0.0,13000.0,21000.0,27000.0,70000.0,5000000.0,54.86666209444483,0.0,0.0,0.0
Ann,ig,15.0,2134.0,225.0,0.0,0.0,0.0,0.0,0.0,0.0,0.0,0.0,0.0,0.0,0.0,0.0,0.0,0.0,0.0,0.0,0.0,13000.0,21000.0,27000.0,70000.0,5000000.0,50.17999665466689,0.0,0.0,0.0
Ann,ig,15.0,2501.0,41.0,0.0,0.0,0.0,0.0,0.0,0.0,0.0,13.0,1236.0,46.0,0.0,11205.0,0.0,0.0,0.0,0.0,0.0,13000.0,21000.0,27000.0,70000.0,5000000.0,51.38666324088912,0.0,202.67690748639177,0.0
Ann,ig,18.0,678.0,117.0,0.0,0.0,0.0,0.0,0.0,0.0,0.0,0.0,0.0,0.0,0.0,0.0,0.0,0.0,0.0,0.0,0.0,13000.0,21000.0,27000.0,70000.0,5000000.0,14.549999191666709,0.0,0.0,0.0
Ann,ig,18.0,92.0,27.0,0.0,0.0,0.0,0.0,0.0,0.0,0.0,24.0,321.0,47.0,0.0,119189.0,0.0,0.0,0.0,0.0,0.0,13000.0,21000.0,27000.0,70000.0,5000000.0,2.283333206481488,0.0,998.2332917402796,0.0
Ann,ig,19.0,0.0,76.0,0.0,0.0,0.0,0.0,0.0,0.0,0.0,0.0,0.0,0.0,0.0,0.0,0.0,0.0,0.0,0.0,0.0,13000.0,21000.0,27000.0,70000.0,5000000.0,1.999999894736848,0.0,0.0,0.0
Ann,ig,21.0,44922.0,145.0,0.0,0.0,0.0,0.0,0.0,0.0,0.0,2.0,29505.0,58.0,0.0,545521.0,0.0,0.0,0.0,0.0,0.0,13000.0,21000.0,27000.0,70000.0,5000000.0,645.1952073716568,0.0,58992.32050383975,0.0
Ann,ig,23.0,473.0,21.0,0.0,0.0,0.0,0.0,0.0,0.0,0.0,0.0,0.0,0.0,0.0,0.0,0.0,0.0,0.0,0.0,0.0,13000.0,21000.0,27000.0,70000.0,5000000.0,6.626086668431015,0.0,0.0,0.0
Ann,ig,23.0,1624.0,49.0,0.0,0.0,0.0,0.0,0.0,0.0,0.0,3.0,82.0,17.0,0.0,321.0,0.0,0.0,0.0,0.0,0.0,13000.0,21000.0,27000.0,70000.0,5000000.0,22.247825119659776,0.0,32.43332252222582,0.0
Ann,ig,24.0,3573.0,103.0,0.0,0.0,0.0,0.0,0.0,0.0,0.0,1.0,75.0,2.0,0.0,0.0,0.0,0.0,0.0,0.0,0.0,13000.0,21000.0,27000.0,70000.0,5000000.0,46.808331382986175,0.0,23.4999765000235,0.0
Ann,ig,25.0,16327.0,85.0,0.0,0.0,0.0,0.0,0.0,0.0,0.0,3.0,1813.0,12.0,0.0,0.0,0.0,0.0,0.0,0.0,0.0,13000.0,21000.0,27000.0,70000.0,5000000.0,197.62399209504028,0.0,183.29993890002035,0.0
Ann,ig,35.0,1732.0,58.0,0.0,0.0,0.0,0.0,0.0,0.0,0.0,25.0,794.0,37.0,0.0,3655.0,0.0,0.0,0.0,0.0,0.0,13000.0,21000.0,27000.0,70000.0,5000000.0,15.674285266448994,0.0,39.507998419680064,0.0
Ann,ig,76.0,1848.0,376.0,0.0,0.0,0.0,0.0,0.0,0.0,0.0,7.0,107.0,7.0,0.0,1595.0,0.0,0.0,0.0,0.0,0.0,13000.0,21000.0,27000.0,70000.0,5000000.0,9.768420924099726,0.0,50.6571356204092,0.0
Bebe Kuo,ig,5.0,688.0,50.0,0.0,0.0,0.0,0.0,0.0,0.0,0.0,5.0,368.0,62.0,0.0,2159.0,0.0,0.0,0.0,0.0,0.0,1000.0,19000.0,2000.0,76000.0,5000000.0,46.27999074400185,0.0,114.6399770720046,0.0
Becky Hsiao,ig,6.0,297.0,46.0,0.0,0.0,0.0,0.0,0.0,0.0,0.0,0.0,0.0,0.0,0.0,0.0,0.0,0.0,0.0,0.0,0.0,2000.0,17000.0,2000.0,76000.0,5000000.0,18.68333021944496,0.0,0.0,0.0
Ben,ig,0.0,0.0,0.0,0.0,0.0,0.0,0.0,0.0,0.0,0.0,2.0,170.0,31.0,0.0,9344.0,0.0,0.0,0.0,0.0,0.0,6000.0,30000.0,2000.0,79000.0,5000000.0,0.0,0.0,967.649516175242,0.0
Ben,ig,1.0,211.0,34.0,0.0,0.0,0.0,0.0,0.0,0.0,0.0,0.0,0.0,0.0,0.0,0.0,0.0,0.0,0.0,0.0,0.0,6000.0,30000.0,2000.0,79000.0,5000000.0,80.29991970008032,0.0,0.0,0.0
Ben,ig,1.0,482.0,32.0,0.0,0.0,0.0,0.0,0.0,0.0,0.0,1.0,543.0,0.0,0.0,536.0,0.0,0.0,0.0,0.0,0.0,6000.0,30000.0,2000.0,79000.0,5000000.0,160.59983940016062,0.0,270.09972990027006,0.0
Ben,ig,3.0,351.0,28.0,0.0,0.0,0.0,0.0,0.0,0.0,0.0,1.0,35.0,2.0,0.0,513.0,0.0,0.0,0.0,0.0,0.0,6000.0,30000.0,2000.0,79000.0,5000000.0,39.76665341111553,0.0,114.09988590011412,0.0
Ben,ig,4.0,636.0,63.0,0.0,0.0,0.0,0.0,0.0,0.0,0.0,0.0,0.0,0.0,0.0,0.0,0.0,0.0,0.0,0.0,0.0,6000.0,30000.0,2000.0,79000.0,5000000.0,55.57498610625346,0.0,0.0,0.0
Ben,ig,7.0,1103.0,20.0,0.0,0.0,0.0,0.0,0.0,0.0,0.0,1.0,3.0,2.0,0.0,275.0,0.0,0.0,0.0,0.0,0.0,6000.0,30000.0,2000.0,79000.0,5000000.0,48.699993042858125,0.0,56.8999431000569,0.0
Ben,ig,8.0,1583.0,295.0,0.0,0.0,0.0,0.0,0.0,0.0,0.0,1.0,142.0,12.0,0.0,70.0,0.0,0.0,0.0,0.0,0.0,6000.0,30000.0,2000.0,79000.0,5000000.0,77.79999027500122,0.0,62.59993740006261,0.0
Ben,ig,26.0,2218.0,112.0,0.0,0.0,0.0,0.0,0.0,0.0,0.0,0.0,0.0,0.0,0.0,0.0,0.0,0.0,0.0,0.0,0.0,6000.0,30000.0,2000.0,79000.0,5000000.0,27.746152778994123,0.0,0.0,0.0
Ben,ig,50.0,1975.0,54.0,0.0,0.0,0.0,0.0,0.0,0.0,0.0,0.0,0.0,0.0,0.0,0.0,0.0,0.0,0.0,0.0,0.0,6000.0,30000.0,2000.0,79000.0,5000000.0,12.389999752200003,0.0,0.0,0.0
Ben,ig,209.0,23459.0,568.0,0.0,0.0,0.0,0.0,0.0,0.0,0.0,16.0,1708.0,60.0,0.0,6832.0,0.0,0.0,0.0,0.0,0.0,6000.0,30000.0,2000.0,79000.0,5000000.0,35.032057248650446,0.0,119.29999254375046,0.0
Bonnie,ig,2.0,0.0,2.0,0.0,0.0,0.0,0.0,0.0,0.0,0.0,0.0,0.0,0.0,0.0,0.0,0.0,0.0,0.0,0.0,0.0,26000.0,25000.0,2000.0,93000.0,5000000.0,0.499999750000125,0.0,0.0,0.0
Bonnie,ig,3.0,0.0,23.0,0.0,0.0,0.0,0.0,0.0,0.0,0.0,2.0,6.0,0.0,0.0,686.0,0.0,0.0,0.0,0.0,0.0,26000.0,25000.0,2000.0,93000.0,5000000.0,3.8333320555559807,0.0,69.49996525001738,0.0
Bonnie,ig,5.0,869.0,46.0,0.0,0.0,0.0,0.0,0.0,0.0,0.0,0.0,0.0,0.0,0.0,0.0,0.0,0.0,0.0,0.0,0.0,26000.0,25000.0,2000.0,93000.0,5000000.0,56.73998865200226,0.0,0.0,0.0
Bonnie,ig,13.0,369.0,127.0,0.0,0.0,0.0,0.0,0.0,0.0,0.0,2.0,6.0,25.0,0.0,5145.0,0.0,0.0,0.0,0.0,0.0,26000.0,25000.0,2000.0,93000.0,5000000.0,13.399998969230849,0.0,521.6497391751303,0.0
Bonnie,ig,16.0,0.0,68.0,0.0,0.0,0.0,0.0,0.0,0.0,0.0,11.0,409.0,75.0,0.0,23549.0,0.0,0.0,0.0,0.0,0.0,26000.0,25000.0,2000.0,93000.0,5000000.0,2.1249998671875083,0.0,442.72723247934255,0.0
Bonnie,ig,22.0,1436.0,36.0,0.0,0.0,0.0,0.0,0.0,0.0,0.0,1.0,3.0,9.0,0.0,20320.0,0.0,0.0,0.0,0.0,0.0,26000.0,25000.0,2000.0,93000.0,5000000.0,20.399999072727315,0.0,4069.3959306040697,0.0
Bonnie,ig,24.0,3258.0,94.0,0.0,0.0,0.0,0.0,0.0,0.0,0.0,0.0,0.0,0.0,0.0,0.0,0.0,0.0,0.0,0.0,0.0,26000.0,25000.0,2000.0,93000.0,5000000.0,42.68333155486119,0.0,0.0,0.0
Bonnie,ig,25.0,634.0,30.0,0.0,0.0,0.0,0.0,0.0,0.0,0.0,4.0,129.0,29.0,0.0,690.0,0.0,0.0,0.0,0.0,0.0,26000.0,25000.0,2000.0,93000.0,5000000.0,8.207999671680012,0.0,47.79998805000298,0.0
Bonnie,ig,57.0,0.0,224.0,0.0,0.0,0.0,0.0,0.0,0.0,0.0,2.0,6.0,6.0,0.0,0.0,0.0,0.0,0.0,0.0,0.0,26000.0,25000.0,2000.0,93000.0,5000000.0,1.9649122462296096,0.0,2.3999988000006,0.0
Cai Zai,ig,4.0,6147.0,41.0,0.0,0.0,0.0,0.0,0.0,0.0,0.0,1.0,3307.0,20.0,0.0,17882.0,0.0,0.0,0.0,0.0,0.0,50000.0,20000.0,6000.0,108000.0,5000000.0,466.149883462529,0.0,4578.495421504579,0.0
Chelsea,ig,13.0,700.0,24.0,0.0,0.0,0.0,0.0,0.0,0.0,0.0,1.0,37.0,1.0,0.0,364.0,0.0,0.0,0.0,0.0,0.0,1000.0,20000.0,2000.0,75000.0,5000000.0,17.076921763313713,0.0,84.3999156000844,0.0
Ellie,ig,12.0,1736.0,49.0,0.0,0.0,0.0,0.0,0.0,0.0,0.0,0.0,0.0,0.0,0.0,0.0,0.0,0.0,0.0,0.0,0.0,2000.0,10000.0,116000.0,14000.0,5000000.0,45.44166287986143,0.0,0.0,0.0
Ellie,ig,12.0,1301.0,107.0,0.0,0.0,0.0,0.0,0.0,0.0,0.0,0.0,0.0,0.0,0.0,0.0,0.0,0.0,0.0,0.0,0.0,2000.0,10000.0,116000.0,14000.0,5000000.0,36.98333025138914,0.0,0.0,0.0
Ellie,ig,12.0,0.0,7.0,0.0,0.0,0.0,0.0,0.0,0.0,0.0,2.0,6.0,4.0,0.0,0.0,0.0,0.0,0.0,0.0,0.0,2000.0,10000.0,116000.0,14000.0,5000000.0,0.2916666423611131,0.0,1.8999990500004749,0.0
Ellie,ig,59.0,18074.0,262.0,0.0,0.0,0.0,0.0,0.0,0.0,0.0,0.0,0.0,0.0,0.0,0.0,0.0,0.0,0.0,0.0,0.0,2000.0,10000.0,116000.0,14000.0,5000000.0,94.1220323030164,0.0,0.0,0.0
Natalie ✨ Kelly,ig,8.0,0.0,4.0,0.0,0.0,0.0,0.0,0.0,0.0,0.0,7.0,21.0,2.0,0.0,965.0,0.0,0.0,0.0,0.0,0.0,3000.0,18000.0,0.0,78000.0,5000000.0,0.2499999687500039,0.0,28.6142816265312,0.0
Nina,ig,0.0,0.0,0.0,0.0,0.0,0.0,0.0,0.0,0.0,0.0,0.0,0.0,0.0,0.0,0.0,0.0,0.0,0.0,0.0,0.0,24000.0,18000.0,85000.0,46000.0,5000000.0,0.0,0.0,0.0,0.0
Nina,ig,2.0,0.0,11.0,0.0,0.0,0.0,0.0,0.0,0.0,0.0,0.0,0.0,0.0,0.0,0.0,0.0,0.0,0.0,0.0,0.0,24000.0,18000.0,85000.0,46000.0,5000000.0,2.749998625000688,0.0,0.0,0.0
Nina,ig,2.0,50.0,0.0,0.0,0.0,0.0,0.0,0.0,0.0,0.0,3.0,92.0,0.0,0.0,1130.0,0.0,0.0,0.0,0.0,0.0,24000.0,18000.0,85000.0,46000.0,5000000.0,7.499996250001874,0.0,84.53330515556495,0.0
Nina,ig,3.0,0.0,25.0,0.0,0.0,0.0,0.0,0.0,0.0,0.0,0.0,0.0,0.0,0.0,0.0,0.0,0.0,0.0,0.0,0.0,24000.0,18000.0,85000.0,46000.0,5000000.0,4.1666652777782405,0.0,0.0,0.0
Nina,ig,7.0,948.0,26.0,0.0,0.0,0.0,0.0,0.0,0.0,0.0,1.0,125.0,1.0,0.0,923.0,0.0,0.0,0.0,0.0,0.0,24000.0,18000.0,85000.0,46000.0,5000000.0,42.4857082163274,0.0,222.59977740022265,0.0
Nina,ig,9.0,835.0,39.0,0.0,0.0,0.0,0.0,0.0,0.0,0.0,0.0,0.0,0.0,0.0,0.0,0.0,0.0,0.0,0.0,0.0,24000.0,18000.0,85000.0,46000.0,5000000.0,29.99999666666704,0.0,0.0,0.0
Nina,ig,9.0,5186.0,191.0,0.0,0.0,0.0,0.0,0.0,0.0,0.0,2.0,1129.0,34.0,0.0,8860.0,0.0,0.0,0.0,0.0,0.0,24000.0,18000.0,85000.0,46000.0,5000000.0,183.4777573913603,0.0,1063.8494680752658,0.0
Nina,ig,10.0,3455.0,111.0,0.0,0.0,0.0,0.0,0.0,0.0,0.0,6.0,838.0,41.0,0.0,6552.0,0.0,0.0,0.0,0.0,0.0,24000.0,18000.0,85000.0,46000.0,5000000.0,109.1999890800011,0.0,263.71662271389624,0.0
Nina,ig,12.0,1675.0,88.0,0.0,0.0,0.0,0.0,0.0,0.0,0.0,4.0,940.0,46.0,0.0,2492.0,0.0,0.0,0.0,0.0,0.0,24000.0,18000.0,85000.0,46000.0,5000000.0,45.541662871528096,0.0,200.84994978751257,0.0
Nina,ig,18.0,3520.0,250.0,0.0,0.0,0.0,0.0,0.0,0.0,0.0,0.0,0.0,0.0,0.0,0.0,0.0,0.0,0.0,0.0,0.0,24000.0,18000.0,85000.0,46000.0,5000000.0,65.61110746604957,0.0,0.0,0.0
Nina,ig,22.0,1565.0,32.0,0.0,0.0,0.0,0.0,0.0,0.0,0.0,0.0,0.0,0.0,0.0,0.0,0.0,0.0,0.0,0.0,0.0,24000.0,18000.0,85000.0,46000.0,5000000.0,22.068180815082687,0.0,0.0,0.0
Nina,ig,30.0,417.0,54.0,0.0,0.0,0.0,0.0,0.0,0.0,0.0,2.0,41.0,0.0,0.0,305.0,0.0,0.0,0.0,0.0,0.0,24000.0,18000.0,85000.0,46000.0,5000000.0,5.069999831000005,0.0,36.64998167500916,0.0
Nina,ig,43.0,5564.0,189.0,0.0,0.0,0.0,0.0,0.0,0.0,0.0,6.0,633.0,20.0,0.0,2454.0,0.0,0.0,0.0,0.0,0.0,24000.0,18000.0,85000.0,46000.0,5000000.0,41.01627811590051,0.0,115.11664748055875,0.0
Ollie,ig,15.0,10786.0,63.0,0.0,0.0,0.0,0.0,0.0,0.0,0.0,0.0,0.0,0.0,0.0,0.0,0.0,0.0,0.0,0.0,0.0,12000.0,21000.0,1000.0,84000.0,5000000.0,217.81998547866763,0.0,0.0,0.0
Ollie,ig,17.0,10318.0,36.0,0.0,0.0,0.0,0.0,0.0,0.0,0.0,0.0,0.0,0.0,0.0,0.0,0.0,0.0,0.0,0.0,0.0,12000.0,21000.0,1000.0,84000.0,5000000.0,183.1411656975785,0.0,0.0,0.0
Ollie,ig,19.0,18.0,0.0,0.0,0.0,0.0,0.0,0.0,0.0,0.0,0.0,0.0,0.0,0.0,0.0,0.0,0.0,0.0,0.0,0.0,12000.0,21000.0,1000.0,84000.0,5000000.0,0.2842105113573414,0.0,0.0,0.0
Rosa Chen,ig,18.0,1383.0,34.0,0.0,0.0,0.0,0.0,0.0,0.0,0.0,26.0,1486.0,26.0,0.0,13434.0,0.0,0.0,0.0,0.0,0.0,1000.0,24000.0,12000.0,70000.0,5000000.0,23.994443111419823,0.0,120.98461073136112,0.0
Rosa Chen,ig,24.0,233.0,18.0,0.0,0.0,1.0,10.0,5.0,0.0,77.0,0.0,0.0,0.0,0.0,0.0,0.0,0.0,0.0,0.0,0.0,1000.0,24000.0,12000.0,70000.0,5000000.0,3.2874998630208387,20.8999791000209,0.0,0.0
Rosa Chen,ig,49.0,15109.0,230.0,0.0,0.0,0.0,0.0,0.0,0.0,0.0,0.0,0.0,0.0,0.0,0.0,0.0,0.0,0.0,0.0,0.0,1000.0,24000.0,12000.0,70000.0,5000000.0,94.8510184724282,0.0,0.0,0.0
Wilson,ig,0.0,0.0,0.0,0.0,0.0,0.0,0.0,0.0,0.0,0.0,2.0,13.0,1.0,0.0,0.0,0.0,0.0,0.0,0.0,0.0,1000.0,18000.0,2000.0,76000.0,5000000.0,0.0,0.0,2.19999890000055,0.0
Wilson,ig,3.0,328.0,13.0,0.0,0.0,0.0,0.0,0.0,0.0,0.0,0.0,0.0,0.0,0.0,0.0,0.0,0.0,0.0,0.0,0.0,1000.0,18000.0,2000.0,76000.0,5000000.0,34.966655011114995,0.0,0.0,0.0
Wilson,ig,3.0,364.0,8.0,0.0,0.0,0.0,0.0,0.0,0.0,0.0,0.0,0.0,0.0,0.0,0.0,0.0,0.0,0.0,0.0,0.0,1000.0,18000.0,2000.0,76000.0,5000000.0,37.73332075555975,0.0,0.0,0.0
Wilson,ig,5.0,1110.0,52.0,0.0,0.0,0.0,0.0,0.0,0.0,0.0,0.0,0.0,0.0,0.0,0.0,0.0,0.0,0.0,0.0,0.0,1000.0,18000.0,2000.0,76000.0,5000000.0,71.79998564000287,0.0,0.0,0.0
Wilson,ig,12.0,763.0,18.0,0.0,0.0,0.0,0.0,0.0,0.0,0.0,0.0,0.0,0.0,0.0,0.0,0.0,0.0,0.0,0.0,0.0,1000.0,18000.0,2000.0,76000.0,5000000.0,19.824998347916807,0.0,0.0,0.0
YCC,ig,18.0,0.0,43.0,0.0,0.0,0.0,0.0,0.0,0.0,0.0,1.0,3.0,1.0,0.0,922.0,0.0,0.0,0.0,0.0,0.0,8000.0,17000.0,2000.0,81000.0,5000000.0,1.1944443780864231,0.0,185.79981420018584,0.0
倫倫,ig,4.0,1348.0,73.0,0.0,0.0,0.0,0.0,0.0,0.0,0.0,2.0,291.0,6.0,0.0,2424.0,0.0,0.0,0.0,0.0,0.0,2000.0,17000.0,2000.0,76000.0,5000000.0,110.22497244375688,0.0,287.5498562250719,0.0
倫倫,ig,9.0,0.0,59.0,0.0,0.0,0.0,0.0,0.0,0.0,0.0,0.0,0.0,0.0,0.0,0.0,0.0,0.0,0.0,0.0,0.0,2000.0,17000.0,2000.0,76000.0,5000000.0,3.277777413580288,0.0,0.0,0.0
倫倫,ig,16.0,23.0,149.0,0.0,0.0,0.0,0.0,0.0,0.0,0.0,7.0,21.0,43.0,0.0,1029.0,0.0,0.0,0.0,0.0,0.0,2000.0,17000.0,2000.0,76000.0,5000000.0,5.08749968203127,0.0,33.37142380408232,0.0
倫倫,ig,24.0,1512.0,24.0,0.0,0.0,0.0,0.0,0.0,0.0,0.0,3.0,156.0,15.0,0.0,875.0,0.0,0.0,0.0,0.0,0.0,2000.0,17000.0,2000.0,76000.0,5000000.0,19.39999919166669,0.0,76.43330785556405,0.0
劉八萬,ig,8.0,471.0,27.0,0.0,0.0,3.0,66.0,4.0,0.0,481.0,12.0,445.0,34.0,0.0,3727.0,0.0,0.0,0.0,0.0,0.0,3000.0,26000.0,2000.0,77000.0,5000000.0,19.349997581250303,39.33332022222659,74.65832711180607,0.0
劉冠廷,ig,9.0,3242.0,28.0,0.0,0.0,0.0,0.0,0.0,0.0,0.0,3.0,11637.0,121.0,0.0,109702.0,0.0,0.0,0.0,0.0,0.0,16000.0,25000.0,2000.0,86000.0,5000000.0,109.62221004197666,0.0,8497.330500889833,0.0
劉冠廷,ig,11.0,108491.0,332.0,0.0,0.0,0.0,0.0,0.0,0.0,0.0,3.0,7576.0,41.0,0.0,36578.0,0.0,0.0,0.0,0.0,0.0,16000.0,25000.0,2000.0,86000.0,5000000.0,2973.9360932785366,0.0,3202.9655990114666,0.0
卓君澤,ig,10.0,45706.0,599.0,0.0,0.0,0.0,0.0,0.0,0.0,0.0,2.0,13030.0,134.0,0.0,153618.0,0.0,0.0,0.0,0.0,0.0,66000.0,18000.0,50000.0,95000.0,5000000.0,1401.129859887014,0.0,17349.79132510434,0.0
唐葳,ig,7.0,9190.0,16.0,0.0,0.0,0.0,0.0,0.0,0.0,0.0,8.0,12298.0,114.0,0.0,113711.0,0.0,0.0,0.0,0.0,0.0,34000.0,16000.0,73000.0,60000.0,5000000.0,394.99994357143663,0.0,3311.074586115677,0.0
好好理財,ig,11.0,20050.0,323.0,0.0,0.0,0.0,0.0,0.0,0.0,0.0,13.0,77046.0,969.0,0.0,1580643.0,0.0,0.0,0.0,0.0,0.0,213000.0,32000.0,46000.0,201000.0,5000000.0,561.4999489545502,0.0,26132.83645132028,0.0
妮娜,ig,3.0,283.0,23.0,0.0,0.0,0.0,0.0,0.0,0.0,0.0,0.0,0.0,0.0,0.0,0.0,0.0,0.0,0.0,0.0,0.0,48000.0,17000.0,9000.0,105000.0,5000000.0,32.13332262222579,0.0,0.0,0.0
妮娜,ig,15.0,1855.0,110.0,0.0,0.0,0.0,0.0,0.0,0.0,0.0,2.0,188.0,16.0,0.0,1366.0,0.0,0.0,0.0,0.0,0.0,48000.0,17000.0,9000.0,105000.0,5000000.0,40.76666394888908,0.0,168.79991560004217,0.0
妮娜,ig,131.0,143080.0,6618.0,0.0,0.0,0.0,0.0,0.0,0.0,0.0,12.0,17009.0,532.0,0.0,56399.0,0.0,0.0,0.0,0.0,0.0,48000.0,17000.0,9000.0,105000.0,5000000.0,352.92366142806367,0.0,1387.3748843854264,0.0
娜,ig,15.0,1134.0,48.0,0.0,0.0,0.0,0.0,0.0,0.0,0.0,2.0,70.0,3.0,0.0,556.0,0.0,0.0,0.0,0.0,0.0,2000.0,17000.0,2000.0,76000.0,5000000.0,24.27999838133344,0.0,66.84996657501671,0.0
娜,ig,20.0,3151.0,26.0,0.0,0.0,0.0,0.0,0.0,0.0,0.0,6.0,1010.0,36.0,0.0,1894.0,0.0,0.0,0.0,0.0,0.0,2000.0,17000.0,2000.0,76000.0,5000000.0,47.91499760425012,0.0,116.63331389444768,0.0
安歆澐,ig,12.0,1896.0,34.0,0.0,0.0,0.0,0.0,0.0,0.0,0.0,4.0,368.0,16.0,0.0,2551.0,0.0,0.0,0.0,0.0,0.0,4000.0,31000.0,0.0,78000.0,5000000.0,48.81666259861145,0.0,157.14996071250982,0.0
小仙,ig,10.0,5680.0,113.0,0.0,0.0,0.0,0.0,0.0,0.0,0.0,0.0,0.0,0.0,0.0,0.0,0.0,0.0,0.0,0.0,0.0,13000.0,20000.0,2000.0,84000.0,5000000.0,176.04998239500176,0.0,0.0,0.0
小狼,ig,2.0,742.0,13.0,0.0,0.0,0.0,0.0,0.0,0.0,0.0,5.0,1530.0,25.0,0.0,4624.0,0.0,0.0,0.0,0.0,0.0,1000.0,19000.0,2000.0,75000.0,5000000.0,114.54994272502864,0.0,279.2599441480112,0.0
小美,ig,0.0,0.0,0.0,0.0,0.0,0.0,0.0,0.0,0.0,0.0,3.0,92.0,0.0,0.0,0.0,0.0,0.0,0.0,0.0,0.0,2000.0,19000.0,2000.0,76000.0,5000000.0,0.0,0.0,9.199996933334354,0.0
小美,ig,7.0,159.0,18.0,0.0,0.0,0.0,0.0,0.0,0.0,0.0,0.0,0.0,0.0,0.0,0.0,0.0,0.0,0.0,0.0,0.0,2000.0,19000.0,2000.0,76000.0,5000000.0,8.099998842857307,0.0,0.0,0.0
小美,ig,10.0,341.0,59.0,0.0,0.0,0.0,0.0,0.0,0.0,0.0,1.0,41.0,1.0,0.0,248.0,0.0,0.0,0.0,0.0,0.0,2000.0,19000.0,2000.0,76000.0,5000000.0,13.179998682000134,0.0,62.3999376000624,0.0
小美,ig,13.0,4148.0,135.0,0.0,0.0,0.0,0.0,0.0,0.0,0.0,3.0,1176.0,27.0,0.0,9723.0,0.0,0.0,0.0,0.0,0.0,2000.0,19000.0,2000.0,76000.0,5000000.0,100.91537685266331,0.0,770.299743233419,0.0
小美,ig,15.0,220.0,6.0,0.0,0.0,0.0,0.0,0.0,0.0,0.0,6.0,83.0,6.0,0.0,1037.0,0.0,0.0,0.0,0.0,0.0,2000.0,19000.0,2000.0,76000.0,5000000.0,4.599999693333354,0.0,39.21666013055665,0.0
小美,ig,22.0,36.0,21.0,0.0,0.0,0.0,0.0,0.0,0.0,0.0,0.0,0.0,0.0,0.0,0.0,0.0,0.0,0.0,0.0,0.0,2000.0,19000.0,2000.0,76000.0,5000000.0,0.9681817741735556,0.0,0.0,0.0
李靜,ig,20.0,2738.0,85.0,0.0,0.0,0.0,0.0,0.0,0.0,0.0,3.0,340.0,8.0,0.0,1466.0,0.0,0.0,0.0,0.0,0.0,3000.0,24000.0,38000.0,57000.0,5000000.0,43.1949978402501,0.0,133.06662231112588,0.0
林長安,ig,9.0,545.0,56.0,0.0,0.0,0.0,0.0,0.0,0.0,0.0,9.0,1013.0,110.0,0.0,13376.0,0.0,0.0,0.0,0.0,0.0,4000.0,26000.0,1000.0,78000.0,5000000.0,21.27777541358051,0.0,337.12218476420173,0.0
樂樂,ig,0.0,0.0,0.0,0.0,0.0,0.0,0.0,0.0,0.0,0.0,4.0,201.0,6.0,0.0,1491.0,0.0,0.0,0.0,0.0,0.0,59000.0,14000.0,2000.0,117000.0,5000000.0,0.0,0.0,90.37497740625564,0.0
樂樂,ig,3.0,152.0,0.0,0.0,0.0,0.0,0.0,0.0,0.0,0.0,1.0,52.0,2.0,0.0,0.0,0.0,0.0,0.0,0.0,0.0,59000.0,14000.0,2000.0,117000.0,5000000.0,15.199994933335022,0.0,16.5999834000166,0.0
樂樂,ig,4.0,975.0,3.0,0.0,0.0,0.0,0.0,0.0,0.0,0.0,1.0,6.0,0.0,0.0,0.0,0.0,0.0,0.0,0.0,0.0,59000.0,14000.0,2000.0,117000.0,5000000.0,73.4999816250046,0.0,1.7999982000018,0.0
樂樂,ig,5.0,467.0,15.0,0.0,0.0,0.0,0.0,0.0,0.0,0.0,2.0,255.0,14.0,0.0,663.0,0.0,0.0,0.0,0.0,0.0,59000.0,14000.0,2000.0,117000.0,5000000.0,29.519994096001177,0.0,108.049945975027,0.0
樂樂,ig,7.0,624.0,50.0,0.0,0.0,0.0,0.0,0.0,0.0,0.0,1.0,3.0,0.0,0.0,1197.0,0.0,0.0,0.0,0.0,0.0,59000.0,14000.0,2000.0,117000.0,5000000.0,30.31428138367409,0.0,240.2997597002404,0.0
樂樂,ig,7.0,1871.0,49.0,0.0,0.0,0.0,0.0,0.0,0.0,0.0,2.0,297.0,5.0,0.0,2212.0,0.0,0.0,0.0,0.0,0.0,59000.0,14000.0,2000.0,117000.0,5000000.0,83.68570233061395,0.0,266.9998665000668,0.0
樂樂,ig,10.0,1324.0,29.0,0.0,0.0,0.0,0.0,0.0,0.0,0.0,1.0,45.0,0.0,0.0,0.0,0.0,0.0,0.0,0.0,0.0,59000.0,14000.0,2000.0,117000.0,5000000.0,41.16999588300041,0.0,13.4999865000135,0.0
樂樂,ig,12.0,1978.0,42.0,0.0,0.0,0.0,0.0,0.0,0.0,0.0,1.0,428.0,8.0,0.0,2536.0,0.0,0.0,0.0,0.0,0.0,59000.0,14000.0,2000.0,117000.0,5000000.0,51.199995733333694,0.0,639.5993604006396,0.0
樂樂,ig,12.0,7663.0,104.0,0.0,0.0,0.0,0.0,0.0,0.0,0.0,2.0,434.0,4.0,0.0,2345.0,0.0,0.0,0.0,0.0,0.0,59000.0,14000.0,2000.0,117000.0,5000000.0,195.90831700764028,0.0,300.59984970007514,0.0
樂樂,ig,15.0,1028.0,21.0,0.0,0.0,0.0,0.0,0.0,0.0,0.0,0.0,0.0,0.0,0.0,0.0,0.0,0.0,0.0,0.0,0.0,59000.0,14000.0,2000.0,117000.0,5000000.0,21.25999858266676,0.0,0.0,0.0
樂樂,ig,20.0,3316.0,206.0,0.0,0.0,0.0,0.0,0.0,0.0,0.0,1.0,125.0,2.0,0.0,479.0,0.0,0.0,0.0,0.0,0.0,59000.0,14000.0,2000.0,117000.0,5000000.0,54.88999725550013,0.0,134.29986570013432,0.0
樂樂,ig,43.0,98482.0,1745.0,0.0,0.0,0.0,0.0,0.0,0.0,0.0,6.0,10113.0,193.0,0.0,51354.0,0.0,0.0,0.0,0.0,0.0,59000.0,14000.0,2000.0,117000.0,5000000.0,707.3744021540837,0.0,2233.53296107784,0.0
樂樂,ig,101.0,8266.0,175.0,0.0,0.0,0.0,0.0,0.0,0.0,0.0,2.0,210.0,4.0,0.0,508.0,0.0,0.0,0.0,0.0,0.0,59000.0,14000.0,2000.0,117000.0,5000000.0,25.41881162951672,0.0,83.29995835002083,0.0
樂樂㋡,ig,18.0,657.0,549.0,0.0,0.0,0.0,0.0,0.0,0.0,0.0,8.0,3112.0,507.0,0.0,10135.0,0.0,0.0,0.0,0.0,0.0,26000.0,18000.0,6000.0,90000.0,5000000.0,26.19999854444453,0.0,401.7624497796938,0.0
欣妤,ig,0.0,0.0,0.0,0.0,0.0,0.0,0.0,0.0,0.0,0.0,2.0,340.0,26.0,0.0,1542.0,0.0,0.0,0.0,0.0,0.0,2000.0,20000.0,12000.0,70000.0,5000000.0,0.0,0.0,211.69989415005293,0.0
欣妤,ig,3.0,330.0,7.0,0.0,0.0,0.0,0.0,0.0,0.0,0.0,0.0,0.0,0.0,0.0,0.0,0.0,0.0,0.0,0.0,0.0,2000.0,20000.0,12000.0,70000.0,5000000.0,34.166655277781565,0.0,0.0,0.0
江 溫 蒂,ig,20.0,39033.0,415.0,0.0,0.0,0.0,0.0,0.0,0.0,0.0,1.0,1546.0,25.0,0.0,9211.0,0.0,0.0,0.0,0.0,0.0,33000.0,19000.0,6000.0,96000.0,5000000.0,595.8699702065014,0.0,2318.4976815023188,0.0
科學生,ig,6.0,1940.0,36.0,0.0,0.0,0.0,0.0,0.0,0.0,0.0,0.0,0.0,0.0,0.0,0.0,0.0,0.0,0.0,0.0,0.0,7000.0,24000.0,1000.0,80000.0,5000000.0,99.9999833333361,0.0,0.0,0.0
羅好吃 Yummy Lo,ig,9.0,320.0,15.0,0.0,0.0,0.0,0.0,0.0,0.0,0.0,0.0,0.0,0.0,0.0,0.0,0.0,0.0,0.0,0.0,0.0,2000.0,13000.0,1000.0,76000.0,5000000.0,11.499998722222363,0.0,0.0,0.0
茉茉,ig,3.0,1312.0,26.0,0.0,0.0,0.0,0.0,0.0,0.0,0.0,0.0,0.0,0.0,0.0,0.0,0.0,0.0,0.0,0.0,0.0,19000.0,23000.0,2000.0,88000.0,5000000.0,135.5332881555706,0.0,0.0,0.0
萱,ig,0.0,0.0,0.0,0.0,0.0,0.0,0.0,0.0,0.0,0.0,4.0,23.0,1.0,0.0,519.0,0.0,0.0,0.0,0.0,0.0,1000.0,22000.0,2000.0,75000.0,5000000.0,0.0,0.0,27.799993050001746,0.0
萱,ig,0.0,0.0,0.0,0.0,0.0,0.0,0.0,0.0,0.0,0.0,12.0,36.0,0.0,0.0,3838.0,0.0,0.0,0.0,0.0,0.0,1000.0,22000.0,2000.0,75000.0,5000000.0,0.0,0.0,64.86666126111156,0.0
萱,ig,1.0,117.0,25.0,0.0,0.0,0.0,0.0,0.0,0.0,0.0,2.0,155.0,1.0,0.0,1352.0,0.0,0.0,0.0,0.0,0.0,1000.0,22000.0,2000.0,75000.0,5000000.0,47.599952400047606,0.0,158.69992065003967,0.0
萱,ig,1.0,50.0,5.0,0.0,0.0,0.0,0.0,0.0,0.0,0.0,22.0,712.0,76.0,0.0,4326.0,0.0,0.0,0.0,0.0,0.0,1000.0,22000.0,2000.0,75000.0,5000000.0,17.499982500017502,0.0,50.76363405619845,0.0
萱,ig,2.0,731.0,4.0,0.0,0.0,0.0,0.0,0.0,0.0,0.0,0.0,0.0,0.0,0.0,0.0,0.0,0.0,0.0,0.0,0.0,1000.0,22000.0,2000.0,75000.0,5000000.0,110.64994467502764,0.0,0.0,0.0
萱,ig,2.0,731.0,4.0,0.0,0.0,0.0,0.0,0.0,0.0,0.0,0.0,0.0,0.0,0.0,0.0,0.0,0.0,0.0,0.0,0.0,1000.0,22000.0,2000.0,75000.0,5000000.0,110.64994467502764,0.0,0.0,0.0
萱,ig,3.0,0.0,4.0,0.0,0.0,0.0,0.0,0.0,0.0,0.0,0.0,0.0,0.0,0.0,0.0,0.0,0.0,0.0,0.0,0.0,1000.0,22000.0,2000.0,75000.0,5000000.0,0.6666664444445185,0.0,0.0,0.0
萱,ig,3.0,395.0,17.0,0.0,0.0,0.0,0.0,0.0,0.0,0.0,0.0,0.0,0.0,0.0,0.0,0.0,0.0,0.0,0.0,0.0,1000.0,22000.0,2000.0,75000.0,5000000.0,42.333319222226926,0.0,0.0,0.0
萱,ig,3.0,207.0,2.0,0.0,0.0,0.0,0.0,0.0,0.0,0.0,0.0,0.0,0.0,0.0,0.0,0.0,0.0,0.0,0.0,0.0,1000.0,22000.0,2000.0,75000.0,5000000.0,21.03332632222456,0.0,0.0,0.0
萱,ig,4.0,1082.0,31.0,0.0,0.0,0.0,0.0,0.0,0.0,0.0,0.0,0.0,0.0,0.0,0.0,0.0,0.0,0.0,0.0,0.0,1000.0,22000.0,2000.0,75000.0,5000000.0,85.0249787437553,0.0,0.0,0.0
萱,ig,4.0,727.0,51.0,0.0,0.0,0.0,0.0,0.0,0.0,0.0,0.0,0.0,0.0,0.0,0.0,0.0,0.0,0.0,0.0,0.0,1000.0,22000.0,2000.0,75000.0,5000000.0,60.8999847750038,0.0,0.0,0.0
萱,ig,5.0,0.0,2.0,0.0,0.0,0.0,0.0,0.0,0.0,0.0,0.0,0.0,0.0,0.0,0.0,0.0,0.0,0.0,0.0,0.0,1000.0,22000.0,2000.0,75000.0,5000000.0,0.199999960000008,0.0,0.0,0.0
萱,ig,5.0,687.0,8.0,0.0,0.0,0.0,0.0,0.0,0.0,0.0,0.0,0.0,0.0,0.0,0.0,0.0,0.0,0.0,0.0,0.0,1000.0,22000.0,2000.0,75000.0,5000000.0,42.01999159600168,0.0,0.0,0.0
萱,ig,8.0,2311.0,17.0,0.0,0.0,0.0,0.0,0.0,0.0,0.0,1.0,272.0,9.0,0.0,2215.0,0.0,0.0,0.0,0.0,0.0,1000.0,22000.0,2000.0,75000.0,5000000.0,87.72498903437638,0.0,529.0994709005291,0.0
萱,ig,8.0,0.0,3.0,0.0,0.0,0.0,0.0,0.0,0.0,0.0,3.0,9.0,2.0,0.0,1613.0,0.0,0.0,0.0,0.0,0.0,1000.0,22000.0,2000.0,75000.0,5000000.0,0.1874999765625029,0.0,108.7666304111232,0.0
萱,ig,10.0,0.0,0.0,0.0,0.0,0.0,0.0,0.0,0.0,0.0,6.0,18.0,0.0,0.0,750.0,0.0,0.0,0.0,0.0,0.0,1000.0,22000.0,2000.0,75000.0,5000000.0,0.0,0.0,25.89999568333405,0.0
萱,ig,11.0,1654.0,41.0,0.0,0.0,0.0,0.0,0.0,0.0,0.0,3.0,359.0,6.0,0.0,1113.0,0.0,0.0,0.0,0.0,0.0,1000.0,22000.0,2000.0,75000.0,5000000.0,46.972723002479725,0.0,111.09996296667902,0.0
萱,ig,11.0,0.0,39.0,0.0,0.0,0.0,0.0,0.0,0.0,0.0,3.0,9.0,4.0,0.0,592.0,0.0,0.0,0.0,0.0,0.0,1000.0,22000.0,2000.0,75000.0,5000000.0,1.7727271115702627,0.0,41.03331965556011,0.0
萱,ig,11.0,693.0,24.0,0.0,0.0,0.0,0.0,0.0,0.0,0.0,5.0,132.0,1.0,0.0,1240.0,0.0,0.0,0.0,0.0,0.0,1000.0,22000.0,2000.0,75000.0,5000000.0,19.990907273553887,0.0,57.61998847600231,0.0
萱,ig,12.0,0.0,10.0,0.0,0.0,0.0,0.0,0.0,0.0,0.0,6.0,439.0,15.0,0.0,5583.0,0.0,0.0,0.0,0.0,0.0,1000.0,22000.0,2000.0,75000.0,5000000.0,0.4166666319444473,0.0,209.2999651166725,0.0
萱,ig,13.0,2638.0,70.0,0.0,0.0,0.0,0.0,0.0,0.0,0.0,2.0,332.0,0.0,0.0,1576.0,0.0,0.0,0.0,0.0,0.0,1000.0,22000.0,2000.0,75000.0,5000000.0,63.56922587929032,0.0,207.39989630005184,0.0
萱,ig,14.0,526.0,55.0,0.0,0.0,0.0,0.0,0.0,0.0,0.0,2.0,40.0,6.0,0.0,0.0,0.0,0.0,0.0,0.0,0.0,1000.0,22000.0,2000.0,75000.0,5000000.0,13.235713340306187,0.0,7.499996250001874,0.0
萱,ig,19.0,1998.0,97.0,0.0,0.0,0.0,0.0,0.0,0.0,0.0,12.0,55016.0,321.0,0.0,0.0,0.0,0.0,0.0,0.0,0.0,1000.0,22000.0,2000.0,75000.0,5000000.0,34.09999820526325,0.0,1388.7748842687597,0.0
萱,ig,28.0,2426.0,53.0,0.0,0.0,0.0,0.0,0.0,0.0,0.0,3.0,200.0,9.0,0.0,1828.0,0.0,0.0,0.0,0.0,0.0,1000.0,22000.0,2000.0,75000.0,5000000.0,26.9392847521684,0.0,143.3666188777937,0.0
萱,ig,41.0,10380.0,145.0,0.0,0.0,0.0,0.0,0.0,0.0,0.0,2.0,431.0,5.0,0.0,7325.0,0.0,0.0,0.0,0.0,0.0,1000.0,22000.0,2000.0,75000.0,5000000.0,77.71951029952415,0.0,798.3996008001996,0.0
萱,ig,69.0,200.0,147.0,0.0,0.0,0.0,0.0,0.0,0.0,0.0,1.0,3.0,1.0,0.0,217.0,0.0,0.0,0.0,0.0,0.0,1000.0,22000.0,2000.0,75000.0,5000000.0,1.9347825806553247,0.0,44.799955200044806,0.0
諾,ig,5.0,156.0,34.0,0.0,0.0,0.0,0.0,0.0,0.0,0.0,0.0,0.0,0.0,0.0,0.0,0.0,0.0,0.0,0.0,0.0,1000.0,10000.0,16000.0,68000.0,5000000.0,12.75999744800051,0.0,0.0,0.0
郭念修,ig,17.0,9453.0,528.0,0.0,0.0,0.0,0.0,0.0,0.0,0.0,6.0,1674.0,69.0,0.0,13121.0,0.0,0.0,0.0,0.0,0.0,10000.0,18000.0,1000.0,82000.0,5000000.0,182.3470480972325,0.0,526.8165788639035,0.0
雪莉,ig,0.0,0.0,0.0,0.0,0.0,0.0,0.0,0.0,0.0,0.0,4.0,102.0,0.0,0.0,896.0,0.0,0.0,0.0,0.0,0.0,2000.0,30000.0,16000.0,69000.0,5000000.0,0.0,0.0,52.44998688750328,0.0
雪莉,ig,3.0,0.0,11.0,0.0,0.0,0.0,0.0,0.0,0.0,0.0,0.0,0.0,0.0,0.0,0.0,0.0,0.0,0.0,0.0,0.0,2000.0,30000.0,16000.0,69000.0,5000000.0,1.8333327222224256,0.0,0.0,0.0
懶錢包,fb,104.0,111661.0,4900.0,3344.0,12308.0,16.0,7256.0,296.0,385.0,85413.0,0.0,0.0,0.0,0.0,0.0,1.0,0.0,194.0,0.0,6946.0,98000.0,21000.0,10000.0,217000.0,75000.0,253.5634591003513,639.706210018362,0.0,752.7992472007529
處女座媽媽的瑣碎日常,ig,21.0,37595.0,380.0,0.0,0.0,0.0,74.0,1.0,0.0,528.0,5.0,4449.0,119.0,0.0,72193.0,0.0,16.0,0.0,0.0,242.0,65000.0,32000.0,40000.0,100000.0,5000000.0,546.1190216133799,128300000.0,3166.559366688127,53200000.00000001
六指淵,ig,23.0,40954.0,454.0,0.0,0.0,0.0,77.0,1.0,0.0,519.0,5.0,4963.0,113.0,0.0,67620.0,0.0,22.0,0.0,0.0,296.0,53000.0,28000.0,32000.0,96000.0,5000000.0,544.0521502586021,127400000.0,3013.879397224121,65800000.0
Nina,ig,24.0,2889.0,331.0,0.0,0.0,0.0,0.0,0.0,0.0,0.0,33.0,2330.0,403.0,0.0,8549.0,1.0,30.0,1.0,0.0,240.0,24000.0,18000.0,85000.0,46000.0,5000000.0,43.00833154131952,0.0,79.0999976030304,57.49994250005752
跟著呋亭吃起來,ig,6.0,0.0,0.0,0.0,0.0,0.0,53.0,0.0,0.0,0.0,5.0,2557.0,82.0,0.0,47769.0,0.0,32.0,1.0,0.0,316.0,11000.0,27000.0,140000.0,6000.0,5000000.0,0.0,15900000.0,2072.379585524084,73300000.0
玫吃貨日常,ig,6.0,0.0,0.0,0.0,0.0,0.0,75.0,0.0,0.0,0.0,5.0,2130.0,72.0,0.0,40418.0,0.0,34.0,1.0,0.0,341.0,11000.0,26000.0,139000.0,6000.0,5000000.0,0.0,22500000.0,1751.71964965607,78900000.00000001
莫里斯,ig,18.0,0.0,105.0,0.0,0.0,2.0,351.0,0.0,0.0,0.0,10.0,877.0,12.0,0.0,0.0,1.0,48.0,2.0,0.0,507.0,1000.0,23000.0,63000.0,32000.0,5000000.0,2.9166665046296383,52.64997367501316,26.909997309000268,116.79988320011682
Suck didi,ig,19.0,892183.0,3115.0,0.0,0.0,0.0,102.0,1.0,0.0,314.0,1.0,48759.0,222.0,0.0,396277.0,0.0,62.0,0.0,0.0,845.0,491000.0,13000.0,210000.0,310000.0,5000000.0,14169.072938469842,93900000.0,93994.006005994,187600000.0
宇恩,fb,102.0,164544.0,5985.0,3687.0,15373.0,18.0,12586.0,483.0,530.0,300066.0,0.0,0.0,0.0,0.0,0.0,1.0,288.0,295.0,11.0,13316.0,157000.0,41000.0,32000.0,229000.0,114000.0,369.7686238257978,1826.70545407192,0.0,1482.0985179014824
鄧福如,fb,101.0,187479.0,6530.0,3557.0,17096.0,20.0,16236.0,618.0,653.0,453969.0,0.0,0.0,0.0,0.0,0.0,1.0,480.0,333.0,19.0,16560.0,185000.0,52000.0,45000.0,249000.0,145000.0,421.6554413697481,2454.534877273256,0.0,1859.49814050186
六指淵,fb,91.0,320775.0,9135.0,5040.0,20665.0,24.0,29306.0,1077.0,978.0,976381.0,0.0,0.0,0.0,0.0,0.0,2.0,1426.0,734.0,64.0,35914.0,358000.0,108000.0,105000.0,237000.0,250000.0,779.9780134068352,4342.233152406952,0.0,2061.198969400516
徐海莉,fb,108.0,201813.0,7126.0,2946.0,24776.0,23.0,17770.0,673.0,726.0,520247.0,0.0,0.0,0.0,0.0,0.0,1.0,455.0,264.0,11.0,17666.0,185000.0,51000.0,42000.0,322000.0,134000.0,427.37407011690686,2437.869459223067,0.0,1941.1980588019417
宇恩,ig,24.0,85874.0,673.0,0.0,0.0,0.0,49.0,0.0,0.0,236.0,4.0,7322.0,93.0,0.0,66731.0,0.0,35.0,0.0,0.0,425.0,53000.0,19000.0,32000.0,96000.0,5000000.0,1087.445788023092,61900000.00000001,3897.3240256689937,95500000.0
潘令傑,ig,24.0,102979.0,725.0,0.0,0.0,0.0,53.0,0.0,0.0,246.0,4.0,8203.0,93.0,0.0,73004.0,0.0,37.0,0.0,0.0,449.0,61000.0,18000.0,37000.0,99000.0,5000000.0,1302.3416124024327,65100000.0,4277.048930737768,100900000.0
處女座媽媽,ig,17.0,235310.0,943.0,0.0,0.0,0.0,94.0,1.0,0.0,440.0,3.0,14105.0,108.0,0.0,139281.0,0.0,41.0,1.0,0.0,515.0,161000.0,20000.0,105000.0,133000.0,5000000.0,4180.264459984443,116700000.0,10713.89642870119,115800000.0
徐海莉,ig,21.0,178461.0,879.0,0.0,0.0,0.0,43.0,0.0,0.0,0.0,4.0,11038.0,81.0,0.0,91906.0,0.0,43.0,0.0,0.0,514.0,107000.0,16000.0,68000.0,114000.0,5000000.0,2570.3713061727944,12900000.000000002,5433.27364168159,115700000.0
社群丼傑哥,ig,23.0,155814.0,879.0,0.0,0.0,0.0,30.0,0.0,0.0,16.0,4.0,10539.0,83.0,0.0,84203.0,0.0,45.0,0.0,0.0,520.0,84000.0,14000.0,52000.0,107000.0,5000000.0,2051.4651281971683,12200000.0,5010.9487472628125,117500000.0
鄧福如,ig,13.0,385362.0,1306.0,0.0,0.0,0.0,50.0,0.0,0.0,0.0,3.0,20597.0,98.0,0.0,185243.0,0.0,53.0,1.0,0.0,643.0,246000.0,15000.0,158000.0,164000.0,5000000.0,8943.19931206159,15000000.0,14425.561858146046,145000000.0
Suckdidi,ig,18.0,867236.0,2994.0,0.0,0.0,0.0,117.0,1.0,0.0,471.0,1.0,47449.0,233.0,0.0,396770.0,0.0,55.0,0.0,0.0,773.0,491000.0,18000.0,210000.0,310000.0,5000000.0,14537.099192383375,129800000.0,93705.1062948937,171100000.00000003
宋達民和洪百榕愛的粉園,fb,20.0,167676.0,4273.0,476.0,0.0,0.0,0.0,0.0,0.0,0.0,0.0,0.0,0.0,0.0,0.0,4.0,6807.0,771.0,226.0,132939.0,693000.0,180000.0,120000.0,250000.0,38000.0,1750.3749124812546,0.0,0.0,3744.249063937734
社群丼傑哥,fb,96.0,148866.0,5402.0,4265.0,9037.0,16.0,10594.0,411.0,444.0,213844.0,0.0,0.0,0.0,0.0,0.0,1.0,267.0,351.0,16.0,12003.0,157000.0,41000.0,32000.0,168000.0,114000.0,354.2031213103842,1487.75615701524,0.0,1365.3986346013655
潘令傑,fb,101.0,161974.0,5889.0,3782.0,14334.0,18.0,12259.0,471.0,516.0,285932.0,0.0,0.0,0.0,0.0,0.0,1.0,285.0,305.0,12.0,13101.0,157000.0,41000.0,32000.0,219000.0,114000.0,367.4029666593766,1744.0387919978448,0.0,1463.3985366014635
貝姬 Becky,fb,15.0,22488.0,98.0,1628.0,0.0,3.0,2432.0,33.0,73.0,6160.0,0.0,0.0,0.0,0.0,0.0,1.0,479.0,5.0,0.0,2173.0,106000.0,31000.0,32000.0,211000.0,154000.0,345.2133103191126,380.499873166709,0.0,314.5996854003146
