live_post_sum_6m,post_sum_6m,short_post_sum_6m,video_post_sum_6m,live,post,short,video,avg_live_voice,avg_post_voice,avg_short_voice,avg_video_voice
0.0,23.0,0.0,36.0,25000.0,46000.0,187000.0,250000.0,0.0,5.917391047069955,0.0,1194.974966806251
0.0,4.0,0.0,0.0,99000.0,120000.0,202000.0,368000.0,0.0,281.2999296750176,0.0,0.0
0.0,5.0,0.0,12.0,13000.0,15000.0,250000.0,133000.0,0.0,37.75999244800151,0.0,150.35832080347328
0.0,21.0,0.0,11.0,1000.0,2000.0,179000.0,122000.0,0.0,25.504760690249487,0.0,859.863558194222
0.0,0.0,0.0,0.0,40000.0,12000.0,178000.0,7000.0,0.0,0.0,0.0,0.0
0.0,110.0,0.0,34.0,26000.0,32000.0,249000.0,170000.0,0.0,284.08727014466115,0.0,2370.885224385729
0.0,8.0,0.0,0.0,1000.0,2000.0,215000.0,124000.0,0.0,15.987498001562752,0.0,0.0
0.0,38.0,0.0,41.0,38000.0,40000.0,213000.0,170000.0,0.0,456.3920932528397,0.0,2974.770659151936
0.0,21.0,0.0,11.0,17000.0,37000.0,243000.0,238000.0,0.0,104.28570931972811,0.0,2030.2907245190247
0.0,6.0,0.0,6.0,6000.0,6000.0,188000.0,112000.0,0.0,215.91663068056155,0.0,63.74998937500177
0.0,15.0,0.0,2.0,18000.0,32000.0,116000.0,204000.0,0.0,48.59999676000022,0.0,4649.797675101162
0.0,6.0,0.0,0.0,1000.0,3000.0,184000.0,124000.0,0.0,19.08333015277831,0.0,0.0
0.0,0.0,18.0,39.0,5000000.0,5000000.0,5000000.0,420000.0,0.0,0.0,296.5610946354948,5493.543448883504
0.0,0.0,0.0,45.0,5000000.0,5000000.0,5000000.0,630000.0,0.0,0.0,0.0,18802.686248829195
0.0,0.0,2.0,32.0,5000000.0,5000000.0,5000000.0,60000.0,0.0,0.0,956.0495219752388,6765.8310385677805
0.0,0.0,5.0,34.0,5000000.0,5000000.0,5000000.0,140000.0,0.0,0.0,4060.3991879201617,9139.137966495944
0.0,0.0,8.0,65.0,5000000.0,5000000.0,5000000.0,210000.0,0.0,0.0,1789.0997763625285,7891.927570893423
0.0,0.0,7.0,29.0,5000000.0,5000000.0,5000000.0,158000.0,0.0,0.0,2866.1853048306707,6212.94806162248
0.0,0.0,2.0,6.0,5000000.0,5000000.0,5000000.0,33000.0,0.0,0.0,114.3499428250286,1813.9996976667169
0.0,0.0,5.0,34.0,5000000.0,5000000.0,5000000.0,126000.0,0.0,0.0,4058.6991882601615,8868.84385679871
0.0,0.0,5.0,31.0,5000000.0,5000000.0,5000000.0,57000.0,0.0,0.0,4050.099189980162,8233.315863441423
0.0,0.0,7.0,65.0,5000000.0,5000000.0,5000000.0,52000.0,0.0,0.0,1152.3426925224726,14528.953622631485
0.0,0.0,0.0,26.0,5000000.0,5000000.0,5000000.0,74000.0,0.0,0.0,0.0,6675.5612817091815
0.0,0.0,6.0,39.0,5000000.0,5000000.0,5000000.0,280000.0,0.0,0.0,3397.999433666761,10351.925375591658
0.0,0.0,1.0,17.0,5000000.0,5000000.0,5000000.0,105000.0,0.0,0.0,184.1998158001842,3119.893934123886
0.0,0.0,0.0,14.0,5000000.0,5000000.0,5000000.0,35000.0,0.0,0.0,0.0,12085.141993918429
0.0,0.0,8.0,47.0,5000000.0,5000000.0,5000000.0,500000.0,0.0,0.0,2565.1371793578533,11679.261453632736
0.0,0.0,7.0,40.0,5000000.0,5000000.0,5000000.0,315000.0,0.0,0.0,2915.7281548959786,10681.14723297132
0.0,0.0,6.0,36.0,5000000.0,5000000.0,5000000.0,189000.0,0.0,0.0,3388.699435216761,9540.060846109422
0.0,0.0,6.0,38.0,5000000.0,5000000.0,5000000.0,250000.0,0.0,0.0,3395.01610083065,10101.991839421267
0.0,0.0,6.0,38.0,5000000.0,5000000.0,5000000.0,260000.0,0.0,0.0,3395.816100697317,10266.557624564271
0.0,0.0,5.0,32.0,5000000.0,5000000.0,5000000.0,65000.0,0.0,0.0,4051.2991897401616,8159.599745012509
0.0,0.0,6.0,36.0,5000000.0,5000000.0,5000000.0,200000.0,0.0,0.0,3389.7494350417605,9734.169174050856
0.0,0.0,0.0,16.0,5000000.0,5000000.0,5000000.0,55000.0,0.0,0.0,0.0,1482.837407322662
0.0,0.0,0.0,16.0,5000000.0,5000000.0,5000000.0,55000.0,0.0,0.0,0.0,1482.837407322662
0.0,0.0,6.0,35.0,5000000.0,5000000.0,5000000.0,158000.0,0.0,0.0,3385.299435783428,9193.408308759765
0.0,0.0,5.0,34.0,5000000.0,5000000.0,5000000.0,140000.0,0.0,0.0,4060.3991879201617,9139.137966495944
0.0,0.0,6.0,35.0,5000000.0,5000000.0,5000000.0,173000.0,0.0,0.0,3387.1661021389828,9508.096871197233
0.0,0.0,5.0,31.0,5000000.0,5000000.0,5000000.0,34000.0,0.0,0.0,4047.5591904881617,7758.809427135181
0.0,0.0,6.0,59.0,5000000.0,5000000.0,5000000.0,63000.0,0.0,0.0,495.46658408890266,2293.4864018053154
0.0,0.0,1.0,14.0,5000000.0,5000000.0,5000000.0,140000.0,0.0,0.0,927.4990725009276,29150.362203545566
0.0,0.0,6.0,39.0,5000000.0,5000000.0,5000000.0,262000.0,0.0,0.0,3396.36610060565,10068.892049515593
0.0,0.0,5.0,32.0,5000000.0,5000000.0,5000000.0,63000.0,0.0,0.0,4050.9791898041617,8113.699746446883
0.0,0.0,5.0,34.0,5000000.0,5000000.0,5000000.0,142000.0,0.0,0.0,4060.3391879321616,9150.290907344386
0.0,0.0,6.0,35.0,5000000.0,5000000.0,5000000.0,170000.0,0.0,0.0,3386.7494355417607,9445.16258728107
0.0,0.0,5.0,27.0,5000000.0,5000000.0,5000000.0,10000.0,0.0,0.0,4020.239195952161,5754.510897981078
0.0,0.0,1.0,40.0,5000000.0,5000000.0,5000000.0,168000.0,0.0,0.0,1576.3984236015767,8502.349787441257
0.0,0.0,6.0,36.0,5000000.0,5000000.0,5000000.0,182000.0,0.0,0.0,3387.932768677872,9397.291405630796
0.0,0.0,5.0,31.0,5000000.0,5000000.0,5000000.0,55000.0,0.0,0.0,4050.1591899681625,8221.086831577843
0.0,0.0,9.0,54.0,5000000.0,5000000.0,5000000.0,250000.0,0.0,0.0,29208.952310116416,7000.492462953845
0.0,0.0,8.0,49.0,5000000.0,5000000.0,5000000.0,578000.0,0.0,0.0,2570.937178632853,12238.018117591471
0.0,0.0,5.0,33.0,5000000.0,5000000.0,5000000.0,100000.0,0.0,0.0,4055.7191888561615,8625.093678027466
0.0,0.0,0.0,22.0,5000000.0,5000000.0,5000000.0,25000.0,0.0,0.0,0.0,7576.231473807661
0.0,0.0,0.0,22.0,5000000.0,5000000.0,5000000.0,25000.0,0.0,0.0,0.0,7576.231473807661
0.0,0.0,8.0,39.0,5000000.0,5000000.0,5000000.0,178000.0,0.0,0.0,1299.7248375343954,16629.60470180501
0.0,0.0,0.0,0.0,21000.0,27000.0,70000.0,5000000.0,0.0,0.0,0.0,0.0
0.0,1.0,0.0,0.0,21000.0,27000.0,70000.0,5000000.0,0.0,7.499992500007501,0.0,0.0
0.0,1.0,0.0,0.0,21000.0,27000.0,70000.0,5000000.0,0.0,6.9999930000070005,0.0,0.0
0.0,2.0,0.0,0.0,21000.0,27000.0,70000.0,5000000.0,0.0,4.249997875001062,0.0,0.0
0.0,3.0,0.0,0.0,21000.0,27000.0,70000.0,5000000.0,0.0,58.099980633339776,0.0,0.0
0.0,4.0,0.0,0.0,21000.0,27000.0,70000.0,5000000.0,0.0,55.04998623750343,0.0,0.0
0.0,6.0,0.0,0.0,21000.0,27000.0,70000.0,5000000.0,0.0,106.71664888055852,0.0,0.0
0.0,7.0,1.0,0.0,21000.0,27000.0,70000.0,5000000.0,0.0,26.042853422449507,30.5999694000306,0.0
0.0,8.0,0.0,0.0,21000.0,27000.0,70000.0,5000000.0,0.0,1.9374997578125304,0.0,0.0
0.0,10.0,0.0,0.0,21000.0,27000.0,70000.0,5000000.0,0.0,454.9299545070046,0.0,0.0
0.0,10.0,1.0,0.0,21000.0,27000.0,70000.0,5000000.0,0.0,1.7999998200000182,48.29995170004831,0.0
0.0,11.0,0.0,0.0,21000.0,27000.0,70000.0,5000000.0,0.0,45.15454134958714,0.0,0.0
0.0,12.0,0.0,0.0,21000.0,27000.0,70000.0,5000000.0,0.0,1.708333190972234,0.0,0.0
0.0,12.0,0.0,0.0,21000.0,27000.0,70000.0,5000000.0,0.0,54.86666209444483,0.0,0.0
0.0,15.0,0.0,0.0,21000.0,27000.0,70000.0,5000000.0,0.0,50.17999665466689,0.0,0.0
0.0,15.0,13.0,0.0,21000.0,27000.0,70000.0,5000000.0,0.0,51.38666324088912,202.67690748639177,0.0
0.0,18.0,0.0,0.0,21000.0,27000.0,70000.0,5000000.0,0.0,14.549999191666709,0.0,0.0
0.0,18.0,24.0,0.0,21000.0,27000.0,70000.0,5000000.0,0.0,2.283333206481488,998.2332917402796,0.0
0.0,19.0,0.0,0.0,21000.0,27000.0,70000.0,5000000.0,0.0,1.999999894736848,0.0,0.0
0.0,21.0,2.0,0.0,21000.0,27000.0,70000.0,5000000.0,0.0,645.1952073716568,58992.32050383975,0.0
0.0,23.0,0.0,0.0,21000.0,27000.0,70000.0,5000000.0,0.0,6.626086668431015,0.0,0.0
0.0,23.0,3.0,0.0,21000.0,27000.0,70000.0,5000000.0,0.0,22.247825119659776,32.43332252222582,0.0
0.0,24.0,1.0,0.0,21000.0,27000.0,70000.0,5000000.0,0.0,46.808331382986175,23.4999765000235,0.0
0.0,25.0,3.0,0.0,21000.0,27000.0,70000.0,5000000.0,0.0,197.62399209504028,183.29993890002035,0.0
0.0,35.0,25.0,0.0,21000.0,27000.0,70000.0,5000000.0,0.0,15.674285266448994,39.507998419680064,0.0
0.0,76.0,7.0,0.0,21000.0,27000.0,70000.0,5000000.0,0.0,9.768420924099726,50.6571356204092,0.0
0.0,5.0,5.0,0.0,19000.0,2000.0,76000.0,5000000.0,0.0,46.27999074400185,114.6399770720046,0.0
0.0,6.0,0.0,0.0,17000.0,2000.0,76000.0,5000000.0,0.0,18.68333021944496,0.0,0.0
0.0,0.0,2.0,0.0,30000.0,2000.0,79000.0,5000000.0,0.0,0.0,967.649516175242,0.0
0.0,1.0,0.0,0.0,30000.0,2000.0,79000.0,5000000.0,0.0,80.29991970008032,0.0,0.0
0.0,1.0,1.0,0.0,30000.0,2000.0,79000.0,5000000.0,0.0,160.59983940016062,270.09972990027006,0.0
0.0,3.0,1.0,0.0,30000.0,2000.0,79000.0,5000000.0,0.0,39.76665341111553,114.09988590011412,0.0
0.0,4.0,0.0,0.0,30000.0,2000.0,79000.0,5000000.0,0.0,55.57498610625346,0.0,0.0
0.0,7.0,1.0,0.0,30000.0,2000.0,79000.0,5000000.0,0.0,48.699993042858125,56.8999431000569,0.0
0.0,8.0,1.0,0.0,30000.0,2000.0,79000.0,5000000.0,0.0,77.79999027500122,62.59993740006261,0.0
0.0,26.0,0.0,0.0,30000.0,2000.0,79000.0,5000000.0,0.0,27.746152778994123,0.0,0.0
0.0,50.0,0.0,0.0,30000.0,2000.0,79000.0,5000000.0,0.0,12.389999752200003,0.0,0.0
0.0,209.0,16.0,0.0,30000.0,2000.0,79000.0,5000000.0,0.0,35.032057248650446,119.29999254375046,0.0
0.0,2.0,0.0,0.0,25000.0,2000.0,93000.0,5000000.0,0.0,0.499999750000125,0.0,0.0
0.0,3.0,2.0,0.0,25000.0,2000.0,93000.0,5000000.0,0.0,3.8333320555559807,69.49996525001738,0.0
0.0,5.0,0.0,0.0,25000.0,2000.0,93000.0,5000000.0,0.0,56.73998865200226,0.0,0.0
0.0,13.0,2.0,0.0,25000.0,2000.0,93000.0,5000000.0,0.0,13.399998969230849,521.6497391751303,0.0
0.0,16.0,11.0,0.0,25000.0,2000.0,93000.0,5000000.0,0.0,2.1249998671875083,442.72723247934255,0.0
0.0,22.0,1.0,0.0,25000.0,2000.0,93000.0,5000000.0,0.0,20.399999072727315,4069.3959306040697,0.0
0.0,24.0,0.0,0.0,25000.0,2000.0,93000.0,5000000.0,0.0,42.68333155486119,0.0,0.0
0.0,25.0,4.0,0.0,25000.0,2000.0,93000.0,5000000.0,0.0,8.207999671680012,47.79998805000298,0.0
0.0,57.0,2.0,0.0,25000.0,2000.0,93000.0,5000000.0,0.0,1.9649122462296096,2.3999988000006,0.0
0.0,4.0,1.0,0.0,20000.0,6000.0,108000.0,5000000.0,0.0,466.149883462529,4578.495421504579,0.0
0.0,13.0,1.0,0.0,20000.0,2000.0,75000.0,5000000.0,0.0,17.076921763313713,84.3999156000844,0.0
0.0,12.0,0.0,0.0,10000.0,116000.0,14000.0,5000000.0,0.0,45.44166287986143,0.0,0.0
0.0,12.0,0.0,0.0,10000.0,116000.0,14000.0,5000000.0,0.0,36.98333025138914,0.0,0.0
0.0,12.0,2.0,0.0,10000.0,116000.0,14000.0,5000000.0,0.0,0.2916666423611131,1.8999990500004749,0.0
0.0,59.0,0.0,0.0,10000.0,116000.0,14000.0,5000000.0,0.0,94.1220323030164,0.0,0.0
0.0,8.0,7.0,0.0,18000.0,0.0,78000.0,5000000.0,0.0,0.2499999687500039,28.6142816265312,0.0
0.0,0.0,0.0,0.0,18000.0,85000.0,46000.0,5000000.0,0.0,0.0,0.0,0.0
0.0,2.0,0.0,0.0,18000.0,85000.0,46000.0,5000000.0,0.0,2.749998625000688,0.0,0.0
0.0,2.0,3.0,0.0,18000.0,85000.0,46000.0,5000000.0,0.0,7.499996250001874,84.53330515556495,0.0
0.0,3.0,0.0,0.0,18000.0,85000.0,46000.0,5000000.0,0.0,4.1666652777782405,0.0,0.0
0.0,7.0,1.0,0.0,18000.0,85000.0,46000.0,5000000.0,0.0,42.4857082163274,222.59977740022265,0.0
0.0,9.0,0.0,0.0,18000.0,85000.0,46000.0,5000000.0,0.0,29.99999666666704,0.0,0.0
0.0,9.0,2.0,0.0,18000.0,85000.0,46000.0,5000000.0,0.0,183.4777573913603,1063.8494680752658,0.0
0.0,10.0,6.0,0.0,18000.0,85000.0,46000.0,5000000.0,0.0,109.1999890800011,263.71662271389624,0.0
0.0,12.0,4.0,0.0,18000.0,85000.0,46000.0,5000000.0,0.0,45.541662871528096,200.84994978751257,0.0
0.0,18.0,0.0,0.0,18000.0,85000.0,46000.0,5000000.0,0.0,65.61110746604957,0.0,0.0
0.0,22.0,0.0,0.0,18000.0,85000.0,46000.0,5000000.0,0.0,22.068180815082687,0.0,0.0
0.0,30.0,2.0,0.0,18000.0,85000.0,46000.0,5000000.0,0.0,5.069999831000005,36.64998167500916,0.0
0.0,43.0,6.0,0.0,18000.0,85000.0,46000.0,5000000.0,0.0,41.01627811590051,115.11664748055875,0.0
0.0,15.0,0.0,0.0,21000.0,1000.0,84000.0,5000000.0,0.0,217.81998547866763,0.0,0.0
0.0,17.0,0.0,0.0,21000.0,1000.0,84000.0,5000000.0,0.0,183.1411656975785,0.0,0.0
0.0,19.0,0.0,0.0,21000.0,1000.0,84000.0,5000000.0,0.0,0.2842105113573414,0.0,0.0
0.0,18.0,26.0,0.0,24000.0,12000.0,70000.0,5000000.0,0.0,23.994443111419823,120.98461073136112,0.0
0.0,24.0,0.0,1.0,24000.0,12000.0,70000.0,5000000.0,0.0,3.2874998630208387,0.0,20.8999791000209
0.0,49.0,0.0,0.0,24000.0,12000.0,70000.0,5000000.0,0.0,94.8510184724282,0.0,0.0
0.0,0.0,2.0,0.0,18000.0,2000.0,76000.0,5000000.0,0.0,0.0,2.19999890000055,0.0
0.0,3.0,0.0,0.0,18000.0,2000.0,76000.0,5000000.0,0.0,34.966655011114995,0.0,0.0
0.0,3.0,0.0,0.0,18000.0,2000.0,76000.0,5000000.0,0.0,37.73332075555975,0.0,0.0
0.0,5.0,0.0,0.0,18000.0,2000.0,76000.0,5000000.0,0.0,71.79998564000287,0.0,0.0
0.0,12.0,0.0,0.0,18000.0,2000.0,76000.0,5000000.0,0.0,19.824998347916807,0.0,0.0
0.0,18.0,1.0,0.0,17000.0,2000.0,81000.0,5000000.0,0.0,1.1944443780864231,185.79981420018584,0.0
0.0,4.0,2.0,0.0,17000.0,2000.0,76000.0,5000000.0,0.0,110.22497244375688,287.5498562250719,0.0
0.0,9.0,0.0,0.0,17000.0,2000.0,76000.0,5000000.0,0.0,3.277777413580288,0.0,0.0
0.0,16.0,7.0,0.0,17000.0,2000.0,76000.0,5000000.0,0.0,5.08749968203127,33.37142380408232,0.0
0.0,24.0,3.0,0.0,17000.0,2000.0,76000.0,5000000.0,0.0,19.39999919166669,76.43330785556405,0.0
0.0,8.0,12.0,3.0,26000.0,2000.0,77000.0,5000000.0,0.0,19.349997581250303,74.65832711180607,39.33332022222659
0.0,9.0,3.0,0.0,25000.0,2000.0,86000.0,5000000.0,0.0,109.62221004197666,8497.330500889833,0.0
0.0,11.0,3.0,0.0,25000.0,2000.0,86000.0,5000000.0,0.0,2973.9360932785366,3202.9655990114666,0.0
0.0,10.0,2.0,0.0,18000.0,50000.0,95000.0,5000000.0,0.0,1401.129859887014,17349.79132510434,0.0
0.0,7.0,8.0,0.0,16000.0,73000.0,60000.0,5000000.0,0.0,394.99994357143663,3311.074586115677,0.0
0.0,11.0,13.0,0.0,32000.0,46000.0,201000.0,5000000.0,0.0,561.4999489545502,26132.83645132028,0.0
0.0,3.0,0.0,0.0,17000.0,9000.0,105000.0,5000000.0,0.0,32.13332262222579,0.0,0.0
0.0,15.0,2.0,0.0,17000.0,9000.0,105000.0,5000000.0,0.0,40.76666394888908,168.79991560004217,0.0
0.0,131.0,12.0,0.0,17000.0,9000.0,105000.0,5000000.0,0.0,352.92366142806367,1387.3748843854264,0.0
0.0,15.0,2.0,0.0,17000.0,2000.0,76000.0,5000000.0,0.0,24.27999838133344,66.84996657501671,0.0
0.0,20.0,6.0,0.0,17000.0,2000.0,76000.0,5000000.0,0.0,47.91499760425012,116.63331389444768,0.0
0.0,12.0,4.0,0.0,31000.0,0.0,78000.0,5000000.0,0.0,48.81666259861145,157.14996071250982,0.0
0.0,10.0,0.0,0.0,20000.0,2000.0,84000.0,5000000.0,0.0,176.04998239500176,0.0,0.0
0.0,2.0,5.0,0.0,19000.0,2000.0,75000.0,5000000.0,0.0,114.54994272502864,279.2599441480112,0.0
0.0,0.0,3.0,0.0,19000.0,2000.0,76000.0,5000000.0,0.0,0.0,9.199996933334354,0.0
0.0,7.0,0.0,0.0,19000.0,2000.0,76000.0,5000000.0,0.0,8.099998842857307,0.0,0.0
0.0,10.0,1.0,0.0,19000.0,2000.0,76000.0,5000000.0,0.0,13.179998682000134,62.3999376000624,0.0
0.0,13.0,3.0,0.0,19000.0,2000.0,76000.0,5000000.0,0.0,100.91537685266331,770.299743233419,0.0
0.0,15.0,6.0,0.0,19000.0,2000.0,76000.0,5000000.0,0.0,4.599999693333354,39.21666013055665,0.0
0.0,22.0,0.0,0.0,19000.0,2000.0,76000.0,5000000.0,0.0,0.9681817741735556,0.0,0.0
0.0,20.0,3.0,0.0,24000.0,38000.0,57000.0,5000000.0,0.0,43.1949978402501,133.06662231112588,0.0
0.0,9.0,9.0,0.0,26000.0,1000.0,78000.0,5000000.0,0.0,21.27777541358051,337.12218476420173,0.0
0.0,0.0,4.0,0.0,14000.0,2000.0,117000.0,5000000.0,0.0,0.0,90.37497740625564,0.0
0.0,3.0,1.0,0.0,14000.0,2000.0,117000.0,5000000.0,0.0,15.199994933335022,16.5999834000166,0.0
0.0,4.0,1.0,0.0,14000.0,2000.0,117000.0,5000000.0,0.0,73.4999816250046,1.7999982000018,0.0
0.0,5.0,2.0,0.0,14000.0,2000.0,117000.0,5000000.0,0.0,29.519994096001177,108.049945975027,0.0
0.0,7.0,1.0,0.0,14000.0,2000.0,117000.0,5000000.0,0.0,30.31428138367409,240.2997597002404,0.0
0.0,7.0,2.0,0.0,14000.0,2000.0,117000.0,5000000.0,0.0,83.68570233061395,266.9998665000668,0.0
0.0,10.0,1.0,0.0,14000.0,2000.0,117000.0,5000000.0,0.0,41.16999588300041,13.4999865000135,0.0
0.0,12.0,1.0,0.0,14000.0,2000.0,117000.0,5000000.0,0.0,51.199995733333694,639.5993604006396,0.0
0.0,12.0,2.0,0.0,14000.0,2000.0,117000.0,5000000.0,0.0,195.90831700764028,300.59984970007514,0.0
0.0,15.0,0.0,0.0,14000.0,2000.0,117000.0,5000000.0,0.0,21.25999858266676,0.0,0.0
0.0,20.0,1.0,0.0,14000.0,2000.0,117000.0,5000000.0,0.0,54.88999725550013,134.29986570013432,0.0
0.0,43.0,6.0,0.0,14000.0,2000.0,117000.0,5000000.0,0.0,707.3744021540837,2233.53296107784,0.0
0.0,101.0,2.0,0.0,14000.0,2000.0,117000.0,5000000.0,0.0,25.41881162951672,83.29995835002083,0.0
0.0,18.0,8.0,0.0,18000.0,6000.0,90000.0,5000000.0,0.0,26.19999854444453,401.7624497796938,0.0
0.0,0.0,2.0,0.0,20000.0,12000.0,70000.0,5000000.0,0.0,0.0,211.69989415005293,0.0
0.0,3.0,0.0,0.0,20000.0,12000.0,70000.0,5000000.0,0.0,34.166655277781565,0.0,0.0
0.0,20.0,1.0,0.0,19000.0,6000.0,96000.0,5000000.0,0.0,595.8699702065014,2318.4976815023188,0.0
0.0,6.0,0.0,0.0,24000.0,1000.0,80000.0,5000000.0,0.0,99.9999833333361,0.0,0.0
0.0,9.0,0.0,0.0,13000.0,1000.0,76000.0,5000000.0,0.0,11.499998722222363,0.0,0.0
0.0,3.0,0.0,0.0,23000.0,2000.0,88000.0,5000000.0,0.0,135.5332881555706,0.0,0.0
0.0,0.0,4.0,0.0,22000.0,2000.0,75000.0,5000000.0,0.0,0.0,27.799993050001746,0.0
0.0,0.0,12.0,0.0,22000.0,2000.0,75000.0,5000000.0,0.0,0.0,64.86666126111156,0.0
0.0,1.0,2.0,0.0,22000.0,2000.0,75000.0,5000000.0,0.0,47.599952400047606,158.69992065003967,0.0
0.0,1.0,22.0,0.0,22000.0,2000.0,75000.0,5000000.0,0.0,17.499982500017502,50.76363405619845,0.0
0.0,2.0,0.0,0.0,22000.0,2000.0,75000.0,5000000.0,0.0,110.64994467502764,0.0,0.0
0.0,2.0,0.0,0.0,22000.0,2000.0,75000.0,5000000.0,0.0,110.64994467502764,0.0,0.0
0.0,3.0,0.0,0.0,22000.0,2000.0,75000.0,5000000.0,0.0,0.6666664444445185,0.0,0.0
0.0,3.0,0.0,0.0,22000.0,2000.0,75000.0,5000000.0,0.0,42.333319222226926,0.0,0.0
0.0,3.0,0.0,0.0,22000.0,2000.0,75000.0,5000000.0,0.0,21.03332632222456,0.0,0.0
0.0,4.0,0.0,0.0,22000.0,2000.0,75000.0,5000000.0,0.0,85.0249787437553,0.0,0.0
0.0,4.0,0.0,0.0,22000.0,2000.0,75000.0,5000000.0,0.0,60.8999847750038,0.0,0.0
0.0,5.0,0.0,0.0,22000.0,2000.0,75000.0,5000000.0,0.0,0.199999960000008,0.0,0.0
0.0,5.0,0.0,0.0,22000.0,2000.0,75000.0,5000000.0,0.0,42.01999159600168,0.0,0.0
0.0,8.0,1.0,0.0,22000.0,2000.0,75000.0,5000000.0,0.0,87.72498903437638,529.0994709005291,0.0
0.0,8.0,3.0,0.0,22000.0,2000.0,75000.0,5000000.0,0.0,0.1874999765625029,108.7666304111232,0.0
0.0,10.0,6.0,0.0,22000.0,2000.0,75000.0,5000000.0,0.0,0.0,25.89999568333405,0.0
0.0,11.0,3.0,0.0,22000.0,2000.0,75000.0,5000000.0,0.0,46.972723002479725,111.09996296667902,0.0
0.0,11.0,3.0,0.0,22000.0,2000.0,75000.0,5000000.0,0.0,1.7727271115702627,41.03331965556011,0.0
0.0,11.0,5.0,0.0,22000.0,2000.0,75000.0,5000000.0,0.0,19.990907273553887,57.61998847600231,0.0
0.0,12.0,6.0,0.0,22000.0,2000.0,75000.0,5000000.0,0.0,0.4166666319444473,209.2999651166725,0.0
0.0,13.0,2.0,0.0,22000.0,2000.0,75000.0,5000000.0,0.0,63.56922587929032,207.39989630005184,0.0
0.0,14.0,2.0,0.0,22000.0,2000.0,75000.0,5000000.0,0.0,13.235713340306187,7.499996250001874,0.0
0.0,19.0,12.0,0.0,22000.0,2000.0,75000.0,5000000.0,0.0,34.09999820526325,1388.7748842687597,0.0
0.0,28.0,3.0,0.0,22000.0,2000.0,75000.0,5000000.0,0.0,26.9392847521684,143.3666188777937,0.0
0.0,41.0,2.0,0.0,22000.0,2000.0,75000.0,5000000.0,0.0,77.71951029952415,798.3996008001996,0.0
0.0,69.0,1.0,0.0,22000.0,2000.0,75000.0,5000000.0,0.0,1.9347825806553247,44.799955200044806,0.0
0.0,5.0,0.0,0.0,10000.0,16000.0,68000.0,5000000.0,0.0,12.75999744800051,0.0,0.0
0.0,17.0,6.0,0.0,18000.0,1000.0,82000.0,5000000.0,0.0,182.3470480972325,526.8165788639035,0.0
0.0,0.0,4.0,0.0,30000.0,16000.0,69000.0,5000000.0,0.0,0.0,52.44998688750328,0.0
0.0,3.0,0.0,0.0,30000.0,16000.0,69000.0,5000000.0,0.0,1.8333327222224256,0.0,0.0
1.0,104.0,0.0,16.0,21000.0,10000.0,217000.0,75000.0,752.7992472007529,253.5634591003513,0.0,639.706210018362
0.0,21.0,5.0,0.0,32000.0,40000.0,100000.0,5000000.0,53200000.00000001,546.1190216133799,3166.559366688127,128300000.0
0.0,23.0,5.0,0.0,28000.0,32000.0,96000.0,5000000.0,65800000.0,544.0521502586021,3013.879397224121,127400000.0
1.0,24.0,33.0,0.0,18000.0,85000.0,46000.0,5000000.0,57.49994250005752,43.00833154131952,79.0999976030304,0.0
0.0,6.0,5.0,0.0,27000.0,140000.0,6000.0,5000000.0,73300000.0,0.0,2072.379585524084,15900000.0
0.0,6.0,5.0,0.0,26000.0,139000.0,6000.0,5000000.0,78900000.00000001,0.0,1751.71964965607,22500000.0
1.0,18.0,10.0,2.0,23000.0,63000.0,32000.0,5000000.0,116.79988320011682,2.9166665046296383,26.909997309000268,52.64997367501316
0.0,19.0,1.0,0.0,13000.0,210000.0,310000.0,5000000.0,187600000.0,14169.072938469842,93994.006005994,93900000.0
1.0,102.0,0.0,18.0,41000.0,32000.0,229000.0,114000.0,1482.0985179014824,369.7686238257978,0.0,1826.70545407192
1.0,101.0,0.0,20.0,52000.0,45000.0,249000.0,145000.0,1859.49814050186,421.6554413697481,0.0,2454.534877273256
2.0,91.0,0.0,24.0,108000.0,105000.0,237000.0,250000.0,2061.198969400516,779.9780134068352,0.0,4342.233152406952
1.0,108.0,0.0,23.0,51000.0,42000.0,322000.0,134000.0,1941.1980588019417,427.37407011690686,0.0,2437.869459223067
0.0,24.0,4.0,0.0,19000.0,32000.0,96000.0,5000000.0,95500000.0,1087.445788023092,3897.3240256689937,61900000.00000001
0.0,24.0,4.0,0.0,18000.0,37000.0,99000.0,5000000.0,100900000.0,1302.3416124024327,4277.048930737768,65100000.0
0.0,17.0,3.0,0.0,20000.0,105000.0,133000.0,5000000.0,115800000.0,4180.264459984443,10713.89642870119,116700000.0
0.0,21.0,4.0,0.0,16000.0,68000.0,114000.0,5000000.0,115700000.0,2570.3713061727944,5433.27364168159,12900000.000000002
0.0,23.0,4.0,0.0,14000.0,52000.0,107000.0,5000000.0,117500000.0,2051.4651281971683,5010.9487472628125,12200000.0
0.0,13.0,3.0,0.0,15000.0,158000.0,164000.0,5000000.0,145000000.0,8943.19931206159,14425.561858146046,15000000.0
0.0,18.0,1.0,0.0,18000.0,210000.0,310000.0,5000000.0,171100000.00000003,14537.099192383375,93705.1062948937,129800000.0
4.0,20.0,0.0,0.0,180000.0,120000.0,250000.0,38000.0,3744.249063937734,1750.3749124812546,0.0,0.0
1.0,96.0,0.0,16.0,41000.0,32000.0,168000.0,114000.0,1365.3986346013655,354.2031213103842,0.0,1487.75615701524
1.0,101.0,0.0,18.0,41000.0,32000.0,219000.0,114000.0,1463.3985366014635,367.4029666593766,0.0,1744.0387919978448
1.0,15.0,0.0,3.0,31000.0,32000.0,211000.0,154000.0,314.5996854003146,345.2133103191126,0.0,380.499873166709
