avg_live_voice,avg_post_voice,avg_short_voice,avg_video_voice
0.0,5.917391047069955,0.0,1194.974966806251
0.0,120.45432024410916,0.0,741.6815594294327
0.0,132.59677205489078,0.0,0.0
0.0,35.59327701182121,0.0,0.999999000001
0.0,281.2999296750176,0.0,0.0
0.0,78.35318608246766,0.0,38.949980525009735
0.0,26.136110385108047,0.0,101.69989830010172
0.0,16.687863996660855,0.0,48.715786909695424
0.0,453.0537693108136,0.0,221.9249445187639
0.0,37.75999244800151,0.0,150.35832080347328
0.0,12.419999689500008,0.0,0.0
0.0,106.87352626842572,0.0,149.46999501766683
0.0,95.69308711662173,0.0,26.143748366015725
0.0,440.21779287951034,0.0,819.8860274445112
0.0,333.3938707470639,0.0,707.1249882145836
0.0,273.96121889875064,0.0,0.0
0.0,109.31249848177086,0.0,2124.0785497543006
0.0,55.76779566495262,0.0,183.89981610018395
0.0,23.36896511432819,0.0,0.0
0.0,961.8043060085084,0.0,2949.971791363893
0.0,25.504760690249487,0.0,859.863558194222
0.0,91.26399634944016,0.0,0.0
0.0,500.50687929286624,0.0,738.3679704652811
0.0,568.6064861219937,0.0,1646.1495884626029
0.0,365.74666445002026,0.0,0.0
0.0,12.01199951952002,0.0,223.5999627333396
0.0,105.85961436673448,0.0,111.33635351487696
0.0,332.6083194746534,0.0,11.999988000012005
0.0,148.34137419512504,0.0,173.17495670626082
0.0,0.0,0.0,0.0
0.0,72.89382626057004,0.0,854.1899145810088
0.0,642.6916622035302,0.0,0.0
0.0,776.0773438475975,0.0,1582.999208500396
0.0,206.7818119157027,0.0,0.0
0.0,37.87304314893007,0.0,0.0
0.0,64.0060237108071,0.0,43.899978050010965
0.0,896.179613033711,0.0,2643.5441507173164
0.0,144.94461426965682,0.0,128.9062419433599
0.0,145.48547404756718,0.0,1384.309861569014
0.0,690.8422068701732,0.0,13837.555166063546
0.0,301.55332830744453,0.0,0.0
0.0,8.723357600559433,0.0,21.899997262500342
0.0,96.2727250847108,0.0,0.0
0.0,879.3135693911905,0.0,9022.849803851092
0.0,234.79073639276416,0.0,357.1713775469461
0.0,1846.4399805637893,0.0,0.0
0.0,284.08727014466115,0.0,2370.885224385729
0.0,532.3666568080249,0.0,2047.9804699283648
0.0,15.987498001562752,0.0,0.0
0.0,437.1797728248328,0.0,4056.231981256007
0.0,456.3920932528397,0.0,2974.770659151936
0.0,390.80861844362875,0.0,1038.8597922280417
0.0,138.6128187357331,0.0,0.0
0.0,502.2695812405434,0.0,896.2570148204264
0.0,104.28570931972811,0.0,2030.2907245190247
0.0,771.158607393817,0.0,1128.5530132037422
0.0,405.67999262400014,0.0,184.3856879449017
0.0,703.277122763511,0.0,3179.628117195984
0.0,672.434266501878,0.0,5241.181086213092
0.0,385.7098179847338,0.0,0.0
0.0,170.92548852033832,0.0,0.0
0.0,215.91663068056155,0.0,63.74998937500177
0.0,48.59999676000022,0.0,4649.797675101162
0.0,346.5769141903356,0.0,2368.749407812648
0.0,19.08333015277831,0.0,0.0
0.0,79.27173228184883,0.0,0.0
0.0,117.68926135003603,0.0,105.53833157436117
0.0,2033.7742276064507,0.0,1564.7984352015649
0.0,793.6999929761063,0.0,2080.2490530863806
0.0,0.0,296.5610946354948,5493.5434488835035
0.0,0.0,0.0,18802.686248829195
0.0,0.0,956.0495219752387,6765.8310385677805
0.0,0.0,4060.3991879201617,9139.137966495944
0.0,0.0,1789.0997763625285,7891.927570893423
0.0,0.0,2866.1853048306707,6212.94806162248
0.0,0.0,114.3499428250286,1813.9996976667169
0.0,0.0,4058.6991882601615,8868.84385679871
0.0,0.0,4050.099189980162,8233.315863441423
0.0,0.0,1152.3426925224726,14528.953622631485
0.0,0.0,0.0,6675.5612817091815
0.0,0.0,3397.999433666761,10351.925375591658
0.0,0.0,184.1998158001842,3119.893934123886
0.0,0.0,0.0,12085.141993918429
0.0,0.0,2565.1371793578533,11679.261453632736
0.0,0.0,2915.7281548959786,10681.14723297132
0.0,0.0,3388.699435216761,9540.060846109422
0.0,0.0,3395.01610083065,10101.991839421267
0.0,0.0,3395.816100697317,10266.557624564271
0.0,0.0,4051.2991897401616,8159.599745012509
0.0,0.0,3389.7494350417605,9734.169174050856
0.0,0.0,0.0,1482.837407322662
0.0,0.0,0.0,1482.837407322662
0.0,0.0,3385.2994357834277,9193.408308759763
0.0,0.0,4060.3991879201617,9139.137966495944
0.0,0.0,1983.0743081263,9968.832740152977
0.0,0.0,3387.1661021389828,9508.096871197233
0.0,0.0,4047.5591904881617,7758.809427135181
0.0,0.0,495.46658408890266,2293.4864018053154
0.0,0.0,927.4990725009277,29150.362203545566
0.0,0.0,3396.36610060565,10068.892049515593
0.0,0.0,4050.9791898041617,8113.699746446883
0.0,0.0,4060.3391879321616,9150.290907344386
0.0,0.0,3386.7494355417607,9445.16258728107
0.0,0.0,4020.239195952161,5754.510897981078
0.0,0.0,1576.3984236015767,8502.349787441257
0.0,0.0,3387.932768677872,9397.291405630796
0.0,0.0,4050.1591899681625,8221.086831577843
0.0,0.0,29208.952310116416,7000.492462953845
0.0,0.0,2570.937178632853,12238.018117591471
0.0,0.0,4055.7191888561615,8625.093678027466
0.0,0.0,0.0,7576.231473807661
0.0,0.0,0.0,7576.231473807661
0.0,0.0,1299.7248375343954,16629.60470180501
0.0,190.38242985969688,214.64998926750053,0.0
0.0,0.0,0.0,0.0
0.0,11.3999886000114,35.199964800035204,0.0
0.0,48.399975800012086,0.0,0.0
0.0,22.866659044446983,0.0,0.0
0.0,92.76663574445473,0.0,0.0
0.0,52.833315722228086,0.0,0.0
0.0,59.76664674445108,270.09972990027006,0.0
0.0,3.666665444444852,649.7142393061257,0.0
0.0,3.666665444444852,649.7142393061257,0.0
0.0,272.574931856267,0.0,0.0
0.0,4.133332644444559,91.1999088000912,0.0
0.0,1.28124991992188,0.0,0.0
0.0,42.823893426337214,0.0,0.0
0.0,9.233070829791057,0.0,0.0
0.0,3.4999965000035003,0.0,0.0
0.0,25.8999741000259,0.0,0.0
0.0,68.19996590001705,169.2749576812606,0.0
0.0,69.49997683334105,0.0,0.0
0.0,53.86664871111709,0.0,0.0
0.0,22.03332598889133,0.0,0.0
0.0,23.699992100002632,0.0,0.0
0.0,17.499995625001095,0.0,0.0
0.0,6.839998632000274,43.43332609444565,0.0
0.0,29.983328336111946,57.3999426000574,0.0
0.0,44.399995066667216,0.0,0.0
0.0,35.433329396296735,161.19991940004027,0.0
0.0,30.979996902000316,55.89994410005591,0.0
0.0,47.836359287603706,0.0,0.0
0.0,333.22664445155704,533.9998220000593,0.0
0.0,35.55262970775633,0.0,0.0
0.0,26.29473545817181,114.89998851000117,0.0
0.0,54.79199780832008,36.387998544480055,0.0
0.0,40.44642712691331,0.0,0.0
0.0,980.1639803967204,9553.086788610104,0.0
0.0,339.61727975781133,710.6997631000788,0.0
0.0,0.0,0.0,0.0
0.0,7.499992500007501,0.0,0.0
0.0,6.9999930000070005,0.0,0.0
0.0,4.249997875001062,0.0,0.0
0.0,58.099980633339776,0.0,0.0
0.0,55.04998623750343,0.0,0.0
0.0,106.71664888055852,0.0,0.0
0.0,26.042853422449507,30.5999694000306,0.0
0.0,1.9374997578125304,0.0,0.0
0.0,454.9299545070046,0.0,0.0
0.0,1.7999998200000182,48.29995170004831,0.0
0.0,45.15454134958714,0.0,0.0
0.0,1.708333190972234,0.0,0.0
0.0,54.86666209444483,0.0,0.0
0.0,50.17999665466689,0.0,0.0
0.0,51.38666324088912,202.67690748639177,0.0
0.0,14.549999191666709,0.0,0.0
0.0,2.283333206481488,998.2332917402797,0.0
0.0,1.999999894736848,0.0,0.0
0.0,645.1952073716568,58992.32050383975,0.0
0.0,6.626086668431015,0.0,0.0
0.0,22.247825119659776,32.43332252222582,0.0
0.0,46.808331382986175,23.4999765000235,0.0
0.0,197.62399209504028,183.29993890002035,0.0
0.0,15.674285266448994,39.507998419680064,0.0
0.0,9.768420924099726,50.6571356204092,0.0
0.0,118.05294001908882,241.96840831745217,0.0
0.0,46.27999074400185,114.6399770720046,0.0
0.0,18.68333021944496,0.0,0.0
0.0,0.0,967.649516175242,0.0
0.0,80.29991970008032,0.0,0.0
0.0,160.59983940016062,270.09972990027006,0.0
0.0,39.76665341111553,114.09988590011412,0.0
0.0,55.57498610625346,0.0,0.0
0.0,48.699993042858125,56.8999431000569,0.0
0.0,77.79999027500122,62.59993740006261,0.0
0.0,27.746152778994123,0.0,0.0
0.0,12.389999752200003,0.0,0.0
0.0,35.032057248650446,119.29999254375046,0.0
0.0,0.499999750000125,0.0,0.0
0.0,3.8333320555559807,69.49996525001738,0.0
0.0,56.73998865200226,0.0,0.0
0.0,13.399998969230849,521.6497391751303,0.0
0.0,2.1249998671875083,442.72723247934255,0.0
0.0,20.399999072727315,4069.3959306040697,0.0
0.0,42.68333155486119,0.0,0.0
0.0,8.207999671680012,47.79998805000298,0.0
0.0,1.9649122462296096,2.3999988000006,0.0
0.0,466.14988346252903,4578.495421504579,0.0
0.0,17.076921763313713,84.3999156000844,0.0
0.0,45.44166287986143,0.0,0.0
0.0,36.98333025138914,0.0,0.0
0.0,0.2916666423611131,1.8999990500004749,0.0
0.0,94.1220323030164,0.0,0.0
0.0,159.29999591538473,243.2249391937652,0.0
0.0,10870.27270793182,36778.5902301007,0.0
0.0,73.1999268000732,0.0,0.0
0.0,39.34998032500983,0.0,0.0
0.0,38.3499904125024,0.0,0.0
0.0,37.874990531252365,0.0,0.0
0.0,181.9416515048624,0.0,0.0
0.0,1.3076922071005996,82.89991710008292,0.0
0.0,55.69999651875021,0.0,0.0
0.0,27.723527780968958,97.24995137502432,0.0
0.0,311.9891236524104,421.6799156640168,0.0
0.0,0.2499999687500039,28.6142816265312,0.0
0.0,0.0,0.0,0.0
0.0,2.749998625000688,0.0,0.0
0.0,7.499996250001874,84.53330515556495,0.0
0.0,4.1666652777782405,0.0,0.0
0.0,42.4857082163274,222.59977740022265,0.0
0.0,29.99999666666704,0.0,0.0
0.0,183.4777573913603,1063.8494680752658,0.0
0.0,109.1999890800011,263.71662271389624,0.0
0.0,45.541662871528096,200.84994978751257,0.0
0.0,65.61110746604957,0.0,0.0
0.0,22.068180815082687,0.0,0.0
0.0,5.069999831000005,36.64998167500916,0.0
0.0,41.01627811590051,115.11664748055875,0.0
0.0,217.81998547866763,0.0,0.0
0.0,183.1411656975785,0.0,0.0
0.0,0.2842105113573414,0.0,0.0
0.0,23.994443111419823,120.98461073136112,0.0
0.0,3.2874998630208387,0.0,20.8999791000209
0.0,94.8510184724282,0.0,0.0
0.0,65.7999342000658,117.89998035000328,0.0
0.0,26.499973500026503,146.29997074000585,0.0
0.0,26.24998687500656,4.4999955000045,0.0
0.0,4.9999990000002,2907.2594185481166,0.0
0.0,3.749999375000104,144.72855075306418,0.0
0.0,38.69999447142936,0.0,0.0
0.0,27.899997463636595,0.0,0.0
0.0,12.14999913214292,0.0,0.0
0.0,38.883998444640056,695.4998840833526,0.0
0.0,1.5887096517950057,261.6332461222513,0.0
0.0,12.68599987314,0.0,0.0
0.0,12.68599987314,0.0,0.0
0.0,228.52038613087004,122.77058462439456,0.0
0.0,0.0,2.19999890000055,0.0
0.0,34.966655011114995,0.0,0.0
0.0,37.73332075555975,0.0,0.0
0.0,71.79998564000287,0.0,0.0
0.0,19.824998347916807,0.0,0.0
0.0,1.1944443780864231,185.79981420018584,0.0
0.0,3.8774999030625024,97.4199805160039,0.0
0.0,476.15998809600023,168.9199831080017,0.0
0.0,193.0522683397212,0.0,0.0
0.0,6.379999901846156,258.8166235305628,0.0
0.0,14.0999859000141,49.299975350012325,0.0
0.0,12.92307592899416,107.49994625002688,0.0
0.0,106.29564755236314,0.0,0.0
0.0,57.81803231296695,975.1785017729644,0.0
0.0,110.22497244375688,287.5498562250719,0.0
0.0,3.277777413580288,0.0,0.0
0.0,5.08749968203127,33.37142380408232,0.0
0.0,19.399999191666694,76.43330785556405,0.0
0.0,97.15211130771677,94.97777250123485,0.0
0.0,19.349997581250303,74.65832711180607,39.33332022222659
0.0,109.62221004197666,8497.330500889833,0.0
0.0,2973.9360932785366,3202.9655990114666,0.0
0.0,1401.129859887014,17349.79132510434,0.0
0.0,394.99994357143663,3311.074586115677,0.0
0.0,101.25832911423628,275.3999082000306,0.0
0.0,561.4999489545502,26132.83645132028,0.0
0.0,32.13332262222579,0.0,0.0
0.0,40.76666394888908,168.79991560004217,0.0
0.0,352.92366142806367,1387.3748843854264,0.0
0.0,24.27999838133344,66.84996657501671,0.0
0.0,47.91499760425012,116.63331389444768,0.0
0.0,48.81666259861145,157.14996071250982,0.0
0.0,176.04998239500176,0.0,0.0
0.0,114.54994272502864,279.2599441480112,0.0
0.0,0.0,9.199996933334354,0.0
0.0,8.099998842857307,0.0,0.0
0.0,13.179998682000134,62.3999376000624,0.0
0.0,100.91537685266331,770.299743233419,0.0
0.0,4.599999693333354,39.21666013055665,0.0
0.0,0.9681817741735556,0.0,0.0
0.0,1052.4973407237544,4054.1479729260127,0.0
0.0,329.6516611724723,1443.7432852085567,0.0
0.0,54.245831073090365,2419.1995968000674,0.0
0.0,43.1949978402501,133.06662231112588,0.0
0.0,766.779467518475,30237.46976253024,0.0
0.0,21.27777541358051,337.12218476420173,0.0
0.0,0.0,90.37497740625565,0.0
0.0,15.199994933335022,16.5999834000166,0.0
0.0,73.4999816250046,1.7999982000018,0.0
0.0,29.519994096001177,108.049945975027,0.0
0.0,30.31428138367409,240.29975970024037,0.0
0.0,83.68570233061395,266.9998665000668,0.0
0.0,41.16999588300041,13.4999865000135,0.0
0.0,51.199995733333694,639.5993604006396,0.0
0.0,195.90831700764028,300.59984970007514,0.0
0.0,21.25999858266676,0.0,0.0
0.0,54.88999725550013,134.29986570013432,0.0
0.0,707.3744021540837,2233.53296107784,0.0
0.0,25.418811629516718,83.29995835002083,0.0
0.0,26.19999854444453,401.7624497796938,0.0
0.0,0.0,211.69989415005293,0.0
0.0,34.166655277781565,0.0,0.0
0.0,595.8699702065014,2318.4976815023188,0.0
0.0,56.77391242637052,265.2428192510258,0.0
0.0,160.65253964995696,181.59990920004535,0.0
0.0,1302.9811074909226,5813.71569771405,0.0
0.0,99.9999833333361,0.0,0.0
0.0,11.499998722222363,0.0,0.0
0.0,105.3017640864602,2224.3069595014967,0.0
0.0,75.17631480031164,520.7624674523458,0.0
0.0,2098.943310011741,0.0,0.0
0.0,135.5332881555706,0.0,0.0
0.0,0.0,27.799993050001746,0.0
0.0,0.0,64.86666126111156,0.0
0.0,47.599952400047606,158.69992065003967,0.0
0.0,17.499982500017502,50.76363405619845,0.0
0.0,110.64994467502764,0.0,0.0
0.0,110.64994467502764,0.0,0.0
0.0,0.6666664444445185,0.0,0.0
0.0,42.333319222226926,0.0,0.0
0.0,21.03332632222456,0.0,0.0
0.0,85.0249787437553,0.0,0.0
0.0,60.8999847750038,0.0,0.0
0.0,0.199999960000008,0.0,0.0
0.0,42.01999159600168,0.0,0.0
0.0,87.72498903437638,529.0994709005291,0.0
0.0,0.1874999765625029,108.7666304111232,0.0
0.0,0.0,25.89999568333405,0.0
0.0,46.972723002479725,111.09996296667902,0.0
0.0,1.7727271115702627,41.03331965556011,0.0
0.0,19.990907273553887,57.61998847600231,0.0
0.0,0.4166666319444473,209.2999651166725,0.0
0.0,63.56922587929032,207.39989630005184,0.0
0.0,13.235713340306187,7.499996250001874,0.0
0.0,34.09999820526325,1388.7748842687597,0.0
0.0,26.9392847521684,143.3666188777937,0.0
0.0,77.71951029952415,798.3996008001996,0.0
0.0,1.9347825806553247,44.799955200044806,0.0
0.0,242.7807661181953,766.0856048449134,0.0
0.0,108.24339554563905,5928.320586319976,0.0
0.0,140.2999943880002,287.14985642507173,301.19989960003346
0.0,404.6205533076636,580.3999472363685,0.0
0.0,12.75999744800051,0.0,0.0
0.0,15738.849508160953,18749.780208369968,0.0
0.0,40.460936867797855,126.94993652503172,0.0
0.0,537.8485215022276,9775.935016004643,4089.2959107040897
0.0,182.3470480972325,526.8165788639035,0.0
0.0,109.04221979906178,11.999996000001332,0.0
0.0,483.1358399408333,1903.8140137408552,0.0
0.0,115.092630367446,236.8998815500592,0.0
0.0,0.0,52.44998688750328,0.0
0.0,1.8333327222224256,0.0,0.0
0.0,3.4999965000035003,0.0,0.0
0.0,795.8636182758269,1995.849002075499,2008.298995850502
0.0,584.4659450113628,1964.910892787679,797.8992021007981
0.0,85.38181430082662,347.0996529003472,0.0
0.0,225.63234630493105,342.6749143312714,0.0
726.0992739007262,228.6037714282664,0.0,190.4066539728897
769200000.0000001,238.7477042316725,0.0,449.93122187929856
618.1993818006182,208.9656544548924,0.0,89.55713646020455
640.1993598006402,211.05346325689644,0.0,88.77856508724538
574.7994252005749,200.38350308882983,0.0,91.19999348571476
596.3994036005964,204.68469178893176,0.0,90.3857078295923
685.0993149006852,227.6970274485443,0.0,148.57141795918443
791300000.0000001,245.0027250454298,0.0,590.3374631039085
790900000.0000001,243.2390886978265,0.0,645.8999596312526
752.7992472007529,253.5634591003513,0.0,639.706210018362
627.5993724006277,221.35208102758253,0.0,95.23845421242659
708.6992913007088,223.7180931074468,0.0,87.26427948112291
731.3992686007315,235.73142632636737,0.0,332.7399778173349
730.4992695007305,230.35282801553936,0.0,220.33998531066769
795400000.0,248.0699977448182,0.0,690.3352535096909
714.9992850007152,239.49215451478284,0.0,300.2571214102056
775100000.0,241.015594119123,0.0,487.3937195378925
775700000.0000001,241.99541062389537,0.0,549.6062156496115
626.1993738006262,210.5999978727273,0.0,88.971422216327
669.99933000067,214.4794096619666,0.0,87.19285091479635
798700000.0000001,245.576574364175,0.0,599.6764353131509
872900000.0,264.04608466046886,0.0,931.1946878318583
778100000.0,242.1477042004798,0.0,506.1124683679706
606.9993930006073,202.17777573557805,0.0,89.52856503367394
672.5993274006727,216.28834741467625,0.0,87.571422316327
119100000.0,126.31834746496928,0.0,1571.481151782428
653.099346900653,214.33465134322128,0.0,87.95713657449022
696.5993034006967,221.13749787367792,0.0,86.6999938071433
784000000.0000001,242.1918159800744,0.0,543.5374660289084
569.2994307005694,200.86041457437068,0.0,91.38570775816375
745.1992548007453,253.13397812491283,0.0,632.8399578106695
742.899257100743,233.81775482413315,0.0,366.54664223022394
679.8993201006799,218.10582312518616,0.0,86.93570807602086
658.3993416006584,214.21078221361975,0.0,88.10713656377597
701.6992983007018,224.04134399960245,0.0,93.71427902040863
706.0992939007061,241.61484909292236,0.0,380.99282992908365
668.899331100669,235.07010066938045,0.0,96.03076184378753
681.6993183006817,226.69801755744535,0.0,271.89283772194017
639.1993608006392,211.78799788212,0.0,88.10713656377598
660.1993398006601,214.7294096595156,0.0,88.04999371071473
767700000.0000001,238.17889689744132,0.0,440.5812224636736
768300000.0000001,241.37777554279836,0.0,502.80621857461136
855700000.0000001,260.64385736277325,0.0,937.8221701209904
937000000.0,277.8210060687311,0.0,1207.784939610753
30200000.0,6.923076656804744,2866.559426688115,154900000.0
38500000.0,7.14814788340193,2809.2594381481126,170400000.0
37300000.0,7.192307415680483,2642.7794714441056,138800000.00000003
42000000.00000001,7.2777775082304625,2696.439460712108,162300000.00000003
40800000.00000001,7.326922795118354,2531.499493700101,130600000.0
44400000.00000001,7.461538174556223,2420.219515956097,122600000.0
44400000.00000001,7.461538174556223,2420.219515956097,122600000.0
44400000.00000001,7.461538174556223,2420.219515956097,122600000.0
46000000.00000001,7.519230480029597,2529.8194940361013,146700000.0
45600000.00000001,7.407407133058995,2584.8394830321035,154300000.0
45600000.00000001,7.407407133058995,2584.8394830321035,154300000.0
45600000.00000001,7.407407133058995,2584.8394830321035,154300000.0
47700000.00000001,7.5961535539940925,2308.9595382080925,114700000.0
53200000.00000001,546.1190216133799,3166.559366688127,128300000.0
49200000.00000001,7.537036757887527,2473.559505288099,146100000.00000003
49200000.00000001,7.537036757887527,2473.559505288099,146100000.00000003
49200000.00000001,7.537036757887527,2473.559505288099,146100000.00000003
54900000.00000001,600.9428285265319,3359.4393281121343,152800000.00000003
52700000.00000001,7.66666638271606,2362.5395274920947,138200000.00000003
52700000.00000001,7.66666638271606,2362.5395274920947,138200000.00000003
46500000.00000001,7.5399996984000115,1562.0596875880626,0.0
51300000.00000001,7.730768933431964,2198.779560244088,106700000.0
51300000.00000001,7.730768933431964,2198.779560244088,106700000.0
51300000.00000001,7.730768933431964,2198.779560244088,106700000.0
54400000.0,7.74074045404665,2141.619571676086,106400000.0
55300000.00000001,7.71153816494084,2036.2195927560813,90900000.0
54100000.00000001,7.5399996984000115,1452.2997095400583,900000.0
54500000.00000001,7.899999684000012,1390.7397218520557,1200000.0
56300000.00000001,7.796296007544592,2252.5795494840904,130200000.00000004
56300000.00000001,7.796296007544592,2252.5795494840904,130200000.00000004
56300000.00000001,7.796296007544592,2252.5795494840904,130200000.00000004
56300000.00000001,7.796296007544592,2252.5795494840904,130200000.00000004
56300000.00000001,7.796296007544592,2252.5795494840904,130200000.00000004
56300000.00000001,7.796296007544592,2252.5795494840904,130200000.00000004
55100000.00000001,7.865384312869834,2088.7795822440835,98800000.0
55100000.00000001,7.865384312869834,2088.7795822440835,98800000.0
55100000.00000001,7.865384312869834,2088.7795822440835,98800000.0
55100000.00000001,7.865384312869834,2088.7795822440835,98800000.0
55100000.00000001,7.865384312869834,2088.7795822440835,98800000.0
55100000.00000001,7.865384312869834,2088.7795822440835,98800000.0
56700000.00000001,7.923076618343208,2200.019559996088,122600000.0
58000000.0,7.870370078875182,2031.539593692081,98200000.0
58000000.0,7.870370078875182,2031.539593692081,98200000.0
58400000.00000001,8.019230460798829,1978.8796042240797,90600000.0
58400000.00000001,8.019230460798829,1978.8796042240797,90600000.0
58400000.00000001,8.019230460798829,1978.8796042240797,90600000.0
58400000.00000001,8.019230460798829,1978.8796042240797,90600000.0
58400000.00000001,8.019230460798829,1978.8796042240797,90600000.0
58400000.00000001,8.019230460798829,1978.8796042240797,90600000.0
58400000.00000001,8.019230460798829,1978.8796042240797,90600000.0
58400000.00000001,8.019230460798829,1978.8796042240797,90600000.0
58400000.00000001,8.019230460798829,1978.8796042240797,90600000.0
59600000.00000001,7.925925632373125,2142.6795714640857,122000000.0
59600000.00000001,7.925925632373125,2142.6795714640857,122000000.0
59600000.00000001,7.925925632373125,2142.6795714640857,122000000.0
60000000.0,8.057691997781077,2090.119581976084,114400000.0
60200000.00000001,749.3190119371898,3239.3793521241296,106700000.0
61500000.0,99.94799600208015,2051.3795897240825,77600000.0
58700000.00000001,8.059999677600015,1309.1397381720524,2100000.0
62000000.00000001,8.153845840236698,1869.1796261640743,82600000.0
62000000.00000001,8.153845840236698,1869.1796261640743,82600000.0
62000000.00000001,8.153845840236698,1869.1796261640743,82600000.0
62000000.00000001,8.153845840236698,1869.1796261640743,82600000.0
62000000.00000001,8.153845840236698,1869.1796261640743,82600000.0
62000000.00000001,8.153845840236698,1869.1796261640743,82600000.0
62000000.00000001,8.153845840236698,1869.1796261640743,82600000.0
62000000.00000001,8.153845840236698,1869.1796261640743,82600000.0
62000000.00000001,8.153845840236698,1869.1796261640743,82600000.0
62000000.00000001,8.153845840236698,1869.1796261640743,82600000.0
62000000.00000001,8.153845840236698,1869.1796261640743,82600000.0
62000000.00000001,8.153845840236698,1869.1796261640743,82600000.0
62000000.00000001,8.153845840236698,1869.1796261640743,82600000.0
62000000.00000001,8.153845840236698,1869.1796261640743,82600000.0
62600000.00000001,7.807692007396461,1777.4596445080713,66900000.00000001
65800000.0,544.0521502586021,3013.879397224121,127400000.0
844.6991553008448,281.76990017699126,0.0,981.711706958135
63200000.00000001,8.055555257201657,2032.7395934520812,114100000.0
63200000.00000001,8.055555257201657,2032.7395934520812,114100000.0
63200000.00000001,8.055555257201657,2032.7395934520812,114100000.0
63200000.00000001,8.055555257201657,2032.7395934520812,114100000.0
63200000.00000001,8.055555257201657,2032.7395934520812,114100000.0
63200000.00000001,8.055555257201657,2032.7395934520812,114100000.0
63200000.00000001,8.055555257201657,2032.7395934520812,114100000.0
63200000.00000001,8.055555257201657,2032.7395934520812,114100000.0
63200000.00000001,8.055555257201657,2032.7395934520812,114100000.0
63600000.00000001,8.192307377218947,1982.35960352808,106200000.0
63600000.00000001,8.192307377218947,1982.35960352808,106200000.0
65100000.000000015,8.129629328532246,1811.5796376840724,82300000.00000001
65100000.000000015,8.129629328532246,1811.5796376840724,82300000.00000001
65300000.000000015,8.288461219674568,1762.6596474680705,74200000.0
65300000.000000015,8.288461219674568,1762.6596474680705,74200000.0
65300000.000000015,8.288461219674568,1762.6596474680705,74200000.0
65300000.000000015,8.288461219674568,1762.6596474680705,74200000.0
65300000.000000015,8.288461219674568,1762.6596474680705,74200000.0
65300000.000000015,8.288461219674568,1762.6596474680705,74200000.0
65300000.000000015,8.288461219674568,1762.6596474680705,74200000.0
65300000.000000015,8.288461219674568,1762.6596474680705,74200000.0
65300000.000000015,8.288461219674568,1762.6596474680705,74200000.0
65300000.000000015,8.288461219674568,1762.6596474680705,74200000.0
65300000.000000015,8.288461219674568,1762.6596474680705,74200000.0
65300000.000000015,8.288461219674568,1762.6596474680705,74200000.0
65300000.000000015,8.288461219674568,1762.6596474680705,74200000.0
62900000.0,7.923076618343208,1236.839752632049,2700000.0
62900000.0,7.923076618343208,1236.839752632049,2700000.0
69500000.0,8.09259229286695,2474.4995051000988,204100000.00000003
66700000.00000001,8.18518488203019,1924.639615072077,106100000.0
66700000.00000001,8.18518488203019,1924.639615072077,106100000.0
66700000.00000001,8.18518488203019,1924.639615072077,106100000.0
66700000.00000001,8.18518488203019,1924.639615072077,106100000.0
66900000.00000001,8.326922756656817,1879.1996241600757,98500000.0
66900000.00000001,8.326922756656817,1879.1996241600757,98500000.0
66900000.00000001,8.326922756656817,1879.1996241600757,98500000.0
60700000.00000001,7.799999688000013,1465.4197069160589,2500000.0
66200000.00000001,23.87692215857992,1732.5396534920694,59200000.00000001
67400000.00000001,20.153845378698254,1875.5196248960751,91100000.0
68700000.0,8.25925895336078,1705.2796589440682,73600000.00000001
68900000.00000001,8.403845830621314,1668.4996663000668,66000000.0
68900000.00000001,8.403845830621314,1668.4996663000668,66000000.0
68900000.00000001,8.403845830621314,1668.4996663000668,66000000.0
68900000.00000001,8.403845830621314,1668.4996663000668,66000000.0
68900000.00000001,8.403845830621314,1668.4996663000668,66000000.0
68900000.00000001,8.403845830621314,1668.4996663000668,66000000.0
68900000.00000001,8.403845830621314,1668.4996663000668,66000000.0
68900000.00000001,8.403845830621314,1668.4996663000668,66000000.0
68900000.00000001,8.403845830621314,1668.4996663000668,66000000.0
68900000.00000001,8.403845830621314,1668.4996663000668,66000000.0
68900000.00000001,8.403845830621314,1668.4996663000668,66000000.0
68900000.00000001,8.403845830621314,1668.4996663000668,66000000.0
68900000.00000001,8.403845830621314,1668.4996663000668,66000000.0
69100000.0,33.934614079437914,1694.2996611400677,58800000.0
70300000.00000001,8.314814506858722,1822.9796354040727,97900000.0
70300000.00000001,8.314814506858722,1822.9796354040727,97900000.0
70300000.00000001,8.314814506858722,1822.9796354040727,97900000.0
70300000.00000001,8.314814506858722,1822.9796354040727,97900000.0
70300000.00000001,8.314814506858722,1822.9796354040727,97900000.0
70300000.00000001,8.314814506858722,1822.9796354040727,97900000.0
70300000.00000001,8.314814506858722,1822.9796354040727,97900000.0
70300000.00000001,8.314814506858722,1822.9796354040727,97900000.0
70300000.00000001,8.314814506858722,1822.9796354040727,97900000.0
70300000.00000001,8.314814506858722,1822.9796354040727,97900000.0
70300000.00000001,8.314814506858722,1822.9796354040727,97900000.0
70300000.00000001,8.314814506858722,1822.9796354040727,97900000.0
70300000.00000001,8.314814506858722,1822.9796354040727,97900000.0
70500000.0,29.0925915150892,1837.4396325120736,90700000.0
70500000.0,29.0925915150892,1837.4396325120736,90700000.0
70900000.00000001,126.2269182220416,1936.8196126360772,76800000.0
72000000.0,8.388888578189311,1617.1796765640645,65900000.00000001
72200000.0,42.33333176543216,1656.1596687680665,58700000.00000001
72200000.0,42.33333176543216,1656.1596687680665,58700000.00000001
72200000.0,42.33333176543216,1656.1596687680665,58700000.00000001
72200000.0,42.33333176543216,1656.1596687680665,58700000.00000001
72200000.0,42.33333176543216,1656.1596687680665,58700000.00000001
72200000.0,42.33333176543216,1656.1596687680665,58700000.00000001
72200000.0,42.33333176543216,1656.1596687680665,58700000.00000001
72200000.0,42.33333176543216,1656.1596687680665,58700000.00000001
72200000.0,42.33333176543216,1656.1596687680665,58700000.00000001
72200000.0,42.33333176543216,1656.1596687680665,58700000.00000001
72200000.0,42.33333176543216,1656.1596687680665,58700000.00000001
69800000.0,8.499999673076934,1474.599705080059,36400000.00000001
73400000.00000001,38.75925782373119,1799.199640160072,90400000.0
73400000.00000001,38.75925782373119,1799.199640160072,90400000.0
73400000.00000001,38.75925782373119,1799.199640160072,90400000.0
73400000.00000001,38.75925782373119,1799.199640160072,90400000.0
73400000.00000001,38.75925782373119,1799.199640160072,90400000.0
73400000.00000001,38.75925782373119,1799.199640160072,90400000.0
73400000.00000001,38.75925782373119,1799.199640160072,90400000.0
73400000.00000001,38.75925782373119,1799.199640160072,90400000.0
73400000.00000001,38.75925782373119,1799.199640160072,90400000.0
73400000.00000001,38.75925782373119,1799.199640160072,90400000.0
73400000.00000001,38.75925782373119,1799.199640160072,90400000.0
73400000.00000001,38.75925782373119,1799.199640160072,90400000.0
73400000.00000001,38.75925782373119,1799.199640160072,90400000.0
73400000.00000001,38.75925782373119,1799.199640160072,90400000.0
73400000.00000001,38.75925782373119,1799.199640160072,90400000.0
73400000.00000001,38.75925782373119,1799.199640160072,90400000.0
73400000.00000001,38.75925782373119,1799.199640160072,90400000.0
73400000.00000001,38.75925782373119,1799.199640160072,90400000.0
73600000.0,84.9925894447189,1848.899630220074,83400000.00000001
73600000.0,84.9925894447189,1848.899630220074,83400000.00000001
48.0999519000481,19.079309686920357,1.7999982000018,0.0
79500000.0,588.3879764644809,3053.939389212122,150700000.0
74300000.0,125.207687492012,1270.6797458640508,5400000.0
74300000.0,125.207687492012,1270.6797458640508,5400000.0
74300000.0,125.207687492012,1270.6797458640508,5400000.0
87100000.0,3386.6370460960848,10618.797345300663,9300000.0
75600000.00000001,98.2518482128945,1667.6196664760666,51600000.00000001
75600000.00000001,98.2518482128945,1667.6196664760666,51600000.00000001
75600000.00000001,98.2518482128945,1667.6196664760666,51600000.00000001
75600000.00000001,98.2518482128945,1667.6196664760666,51600000.00000001
75600000.00000001,98.2518482128945,1667.6196664760666,51600000.00000001
75600000.00000001,98.2518482128945,1667.6196664760666,51600000.00000001
75600000.00000001,98.2518482128945,1667.6196664760666,51600000.00000001
75600000.00000001,98.2518482128945,1667.6196664760666,51600000.00000001
75600000.00000001,98.2518482128945,1667.6196664760666,51600000.00000001
75600000.00000001,98.2518482128945,1667.6196664760666,51600000.00000001
75600000.00000001,98.2518482128945,1667.6196664760666,51600000.00000001
75600000.00000001,98.2518482128945,1667.6196664760666,51600000.00000001
75600000.00000001,98.2518482128945,1667.6196664760666,51600000.00000001
75600000.00000001,98.2518482128945,1667.6196664760666,51600000.00000001
75600000.00000001,98.2518482128945,1667.6196664760666,51600000.00000001
75600000.00000001,98.2518482128945,1667.6196664760666,51600000.00000001
76000000.00000001,198.0461462289944,1767.1196465760706,37400000.0
76200000.0,246.06922130502997,1816.8596366280724,30700000.0
76400000.00000001,294.08075791997084,1866.6596266680745,23700000.0
77000000.00000001,94.65925575336088,1810.7596378480723,83300000.0
77000000.00000001,94.65925575336088,1810.7596378480723,83300000.0
77000000.00000001,94.65925575336088,1810.7596378480723,83300000.0
77000000.00000001,94.65925575336088,1810.7596378480723,83300000.0
77000000.00000001,94.65925575336088,1810.7596378480723,83300000.0
77000000.00000001,94.65925575336088,1810.7596378480723,83300000.0
77000000.00000001,94.65925575336088,1810.7596378480723,83300000.0
77000000.00000001,94.65925575336088,1810.7596378480723,83300000.0
77000000.00000001,94.65925575336088,1810.7596378480723,83300000.0
77000000.00000001,94.65925575336088,1810.7596378480723,83300000.0
77000000.00000001,94.65925575336088,1810.7596378480723,83300000.0
77000000.00000001,94.65925575336088,1810.7596378480723,83300000.0
77000000.00000001,94.65925575336088,1810.7596378480723,83300000.0
77200000.0,140.8925873743486,1860.4596279080745,76300000.00000001
77200000.0,140.8925873743486,1860.4596279080745,76300000.00000001
77200000.0,140.8925873743486,1860.4596279080745,76300000.00000001
77200000.0,140.8925873743486,1860.4596279080745,76300000.00000001
75400000.00000001,52.01851659190679,1617.9796764040648,58600000.00000001
75400000.00000001,52.01851659190679,1617.9796764040648,58600000.00000001
75400000.00000001,52.01851659190679,1617.9796764040648,58600000.00000001
75400000.00000001,52.01851659190679,1617.9796764040648,58600000.00000001
75400000.00000001,52.01851659190679,1617.9796764040648,58600000.00000001
75400000.00000001,52.01851659190679,1617.9796764040648,58600000.00000001
76900000.00000001,355.7879857684805,2395.3744011563995,16500000.0
80100000.00000001,150.57777220082323,1822.3196355360728,76200000.0
80100000.00000001,150.57777220082323,1822.3196355360728,76200000.0
80100000.00000001,150.57777220082323,1822.3196355360728,76200000.0
80100000.00000001,150.57777220082323,1822.3196355360728,76200000.0
80100000.00000001,150.57777220082323,1822.3196355360728,76200000.0
80100000.00000001,150.57777220082323,1822.3196355360728,76200000.0
80100000.00000001,150.57777220082323,1822.3196355360728,76200000.0
80100000.00000001,150.57777220082323,1822.3196355360728,76200000.0
80100000.00000001,150.57777220082323,1822.3196355360728,76200000.0
80100000.00000001,150.57777220082323,1822.3196355360728,76200000.0
80100000.00000001,150.57777220082323,1822.3196355360728,76200000.0
80100000.00000001,150.57777220082323,1822.3196355360728,76200000.0
80100000.00000001,150.57777220082323,1822.3196355360728,76200000.0
80100000.00000001,150.57777220082323,1822.3196355360728,76200000.0
80100000.00000001,150.57777220082323,1822.3196355360728,76200000.0
80100000.00000001,150.57777220082323,1822.3196355360728,76200000.0
80100000.00000001,150.57777220082323,1822.3196355360728,76200000.0
80100000.00000001,150.57777220082323,1822.3196355360728,76200000.0
83300000.00000001,336.559246794102,2585.899482820104,153700000.0
80300000.00000001,196.81110382181092,1872.0596255880753,68500000.0
80300000.00000001,196.81110382181092,1872.0596255880753,68500000.0
80300000.00000001,196.81110382181092,1872.0596255880753,68500000.0
80300000.00000001,196.81110382181092,1872.0596255880753,68500000.0
80500000.0,1240.4044890725231,4260.223934944016,49500000.0
84100000.00000001,142.76070918711753,2530.279493944101,213000000.0
78300000.00000001,186.41922359926065,1308.5597382880524,6300000.0
78300000.00000001,186.41922359926065,1308.5597382880524,6300000.0
78700000.0,107.91851452153648,1629.5396740920653,51000000.0
78700000.0,107.91851452153648,1629.5396740920653,51000000.0
78700000.0,107.91851452153648,1629.5396740920653,51000000.0
78900000.00000001,154.1629572532238,1679.2396641520672,44300000.0
78900000.00000001,154.1629572532238,1679.2396641520672,44300000.0
78900000.00000001,154.1629572532238,1679.2396641520672,44300000.0
78900000.00000001,154.1629572532238,1679.2396641520672,44300000.0
78900000.00000001,154.1629572532238,1679.2396641520672,44300000.0
78900000.00000001,154.1629572532238,1679.2396641520672,44300000.0
78900000.00000001,200.3962888742115,1728.9796542040694,37300000.00000001
78900000.00000001,154.1629572532238,1679.2396641520672,44300000.0
78900000.00000001,154.1629572532238,1679.2396641520672,44300000.0
78900000.00000001,154.1629572532238,1679.2396641520672,44300000.0
78900000.00000001,154.1629572532238,1679.2396641520672,44300000.0
78900000.00000001,154.1629572532238,1679.2396641520672,44300000.0
78900000.00000001,154.1629572532238,1679.2396641520672,44300000.0
78900000.00000001,154.1629572532238,1679.2396641520672,44300000.0
78900000.00000001,154.1629572532238,1679.2396641520672,44300000.0
78900000.00000001,154.1629572532238,1679.2396641520672,44300000.0
78900000.00000001,154.1629572532238,1679.2396641520672,44300000.0
78900000.00000001,154.1629572532238,1679.2396641520672,44300000.0
78900000.00000001,154.1629572532238,1679.2396641520672,44300000.0
78900000.00000001,154.1629572532238,1679.2396641520672,44300000.0
78900000.00000001,200.3962888742115,1728.9796542040694,37300000.00000001
57.499942500057514,43.008331541319514,79.0999976030304,0.0
79800000.0,352.1307556872786,2347.6494130876467,16400000.000000004
81200000.0,348.4192173684916,2526.549368362658,47800000.0
81400000.00000001,444.43459829097696,2650.7993373001655,33900000.0
82900000.00000001,362.1884476081366,2299.974425006394,16300000.000000002
83700000.0,206.4777701304529,1833.8196332360733,68400000.00000001
83700000.0,206.4777701304529,1833.8196332360733,68400000.00000001
83700000.0,252.71110175144065,1883.6196232760756,61400000.00000001
83700000.0,206.4777701304529,1833.8196332360733,68400000.00000001
83700000.0,206.4777701304529,1833.8196332360733,68400000.00000001
83700000.0,252.71110175144065,1883.6196232760756,61400000.00000001
83700000.0,252.71110175144065,1883.6196232760756,61400000.00000001
83700000.0,252.71110175144065,1883.6196232760756,61400000.00000001
83700000.0,206.4777701304529,1833.8196332360733,68400000.00000001
83700000.0,252.71110175144065,1883.6196232760756,61400000.00000001
83700000.0,206.4777701304529,1833.8196332360733,68400000.00000001
83700000.0,206.4777701304529,1833.8196332360733,68400000.00000001
83700000.0,206.4777701304529,1833.8196332360733,68400000.00000001
83700000.0,206.4777701304529,1833.8196332360733,68400000.00000001
84500000.0,579.2159768313609,2590.749352312662,3300000.0
82100000.0,163.83703096899882,1641.0996717800656,43900000.0
82100000.0,163.83703096899882,1641.0996717800656,43900000.0
88500000.0,481.35183402400605,3550.049112487722,163800000.00000003
82300000.0,238.47036153813477,1346.3797307240538,7200000.0
82300000.0,238.47036153813477,1346.3797307240538,7200000.0
82300000.0,210.0629551828535,1690.7996618400675,37200000.00000001
82300000.0,210.0629551828535,1690.7996618400675,37200000.00000001
82300000.0,210.0629551828535,1690.7996618400675,37200000.00000001
82300000.0,210.0629551828535,1690.7996618400675,37200000.00000001
82300000.0,210.0629551828535,1690.7996618400675,37200000.00000001
82300000.0,210.0629551828535,1690.7996618400675,37200000.00000001
82300000.0,210.0629551828535,1690.7996618400675,37200000.00000001
82300000.0,210.0629551828535,1690.7996618400675,37200000.00000001
82300000.0,210.0629551828535,1690.7996618400675,37200000.00000001
82300000.0,210.0629551828535,1690.7996618400675,37200000.00000001
82300000.0,210.0629551828535,1690.7996618400675,37200000.00000001
82300000.0,210.0629551828535,1690.7996618400675,37200000.00000001
82300000.0,210.0629551828535,1690.7996618400675,37200000.00000001
82300000.0,210.0629551828535,1690.7996618400675,37200000.00000001
82300000.0,210.0629551828535,1690.7996618400675,37200000.00000001
82300000.0,210.0629551828535,1690.7996618400675,37200000.00000001
82300000.0,210.0629551828535,1690.7996618400675,37200000.00000001
82300000.0,210.0629551828535,1690.7996618400675,37200000.00000001
82300000.0,210.0629551828535,1690.7996618400675,37200000.00000001
82500000.0,256.2962868038412,2175.599456100136,30000000.0
82500000.0,256.2962868038412,2175.599456100136,30000000.0
82500000.0,256.2962868038412,2175.599456100136,30000000.0
82700000.0,314.165372532101,2237.84944053764,23000000.0
86800000.0,253.00713382117377,2306.724423318894,61300000.00000001
86800000.0,253.00713382117377,2306.724423318894,61300000.00000001
86800000.0,253.00713382117377,2306.724423318894,61300000.00000001
86800000.0,253.00713382117377,2306.724423318894,61300000.00000001
86800000.0,253.00713382117377,2306.724423318894,61300000.00000001
86800000.0,253.00713382117377,2306.724423318894,61300000.00000001
86800000.0,253.00713382117377,2306.724423318894,61300000.00000001
86800000.0,253.00713382117377,2306.724423318894,61300000.00000001
86800000.0,253.00713382117377,2306.724423318894,61300000.00000001
86800000.0,253.00713382117377,2306.724423318894,61300000.00000001
86800000.0,253.00713382117377,2306.724423318894,61300000.00000001
86800000.0,253.00713382117377,2306.724423318894,61300000.00000001
86800000.0,253.00713382117377,2306.724423318894,61300000.00000001
86800000.0,253.00713382117377,2306.724423318894,61300000.00000001
86800000.0,253.00713382117377,2306.724423318894,61300000.00000001
86800000.0,253.00713382117377,2306.724423318894,61300000.00000001
86800000.0,253.00713382117377,2306.724423318894,61300000.00000001
86800000.0,253.00713382117377,2306.724423318894,61300000.00000001
86800000.0,253.00713382117377,2306.724423318894,61300000.00000001
86800000.0,253.00713382117377,2306.724423318894,61300000.00000001
86800000.0,253.00713382117377,2306.724423318894,61300000.00000001
86800000.0,253.00713382117377,2306.724423318894,61300000.00000001
86800000.0,253.00713382117377,2306.724423318894,61300000.00000001
86800000.0,253.00713382117377,2306.724423318894,61300000.00000001
86800000.0,253.00713382117377,2306.724423318894,61300000.00000001
86800000.0,253.00713382117377,2306.724423318894,61300000.00000001
86800000.0,253.00713382117377,2306.724423318894,61300000.00000001
87000000.0,308.62221079177,2368.849407787648,54300000.0
87000000.0,308.62221079177,2368.849407787648,54300000.0
87000000.0,308.62221079177,2368.849407787648,54300000.0
87000000.0,308.62221079177,2368.849407787648,54300000.0
85000000.0,317.4036919480114,2040.4994898751277,3000000.0
85000000.0,451.653828782545,1644.2596711480655,9300000.0
85200000.0,219.73702889862852,2065.6994835751293,36600000.0
85200000.0,219.73702889862852,2065.6994835751293,36600000.0
85200000.0,219.73702889862852,2065.6994835751293,36600000.0
85200000.0,219.73702889862852,2065.6994835751293,36600000.0
85200000.0,219.73702889862852,2065.6994835751293,36600000.0
85200000.0,219.73702889862852,2065.6994835751293,36600000.0
85400000.0,265.98147163031587,2127.9494680126327,29900000.000000004
85400000.0,265.98147163031587,2127.9494680126327,29900000.000000004
85400000.0,265.98147163031587,2127.9494680126327,29900000.000000004
85400000.0,265.98147163031587,2127.9494680126327,29900000.000000004
85400000.0,265.98147163031587,2127.9494680126327,29900000.000000004
85400000.0,265.98147163031587,2127.9494680126327,29900000.000000004
85400000.0,265.98147163031587,2127.9494680126327,29900000.000000004
85400000.0,265.98147163031587,2127.9494680126327,29900000.000000004
85400000.0,265.98147163031587,2127.9494680126327,29900000.000000004
85400000.0,265.98147163031587,2127.9494680126327,29900000.000000004
85400000.0,265.98147163031587,2127.9494680126327,29900000.000000004
85400000.0,265.98147163031587,2127.9494680126327,29900000.000000004
85400000.0,265.98147163031587,2127.9494680126327,29900000.000000004
85400000.0,265.98147163031587,2127.9494680126327,29900000.000000004
88600000.0,1313.543421150286,4467.97388300653,66300000.0
73300000.0,0.0,2072.3795855240837,15900000.0
85800000.0,297.4259149101513,1384.2597231480556,7800000.0
85800000.0,297.4259149101513,1384.2597231480556,7800000.0
85800000.0,297.4259149101513,1384.2597231480556,7800000.0
85800000.0,297.4259149101513,1384.2597231480556,7800000.0
85800000.0,297.4259149101513,1384.2597231480556,7800000.0
90200000.0,306.9285604668371,2321.1744197063954,54000000.0
90200000.0,306.9285604668371,2321.1744197063954,54000000.0
90200000.0,306.9285604668371,2321.1744197063954,54000000.0
90200000.0,306.9285604668371,2321.1744197063954,54000000.0
90200000.0,306.9285604668371,2321.1744197063954,54000000.0
90200000.0,306.9285604668371,2321.1744197063954,54000000.0
90200000.0,306.9285604668371,2321.1744197063954,54000000.0
90200000.0,306.9285604668371,2321.1744197063954,54000000.0
90200000.0,306.9285604668371,2321.1744197063954,54000000.0
90200000.0,306.9285604668371,2321.1744197063954,54000000.0
90200000.0,306.9285604668371,2321.1744197063954,54000000.0
90200000.0,306.9285604668371,2321.1744197063954,54000000.0
90400000.0,351.5214160170923,2383.299404175149,47000000.0
90400000.0,351.5214160170923,2383.299404175149,47000000.0
90400000.0,351.5214160170923,2383.299404175149,47000000.0
90400000.0,351.5214160170923,2383.299404175149,47000000.0
90600000.0,410.75554034238735,2445.4743886314027,40000000.0
90600000.0,410.75554034238735,2445.4743886314027,40000000.0
91000000.0,454.6888720485603,1571.539685692063,9900000.0
78900000.00000001,0.0,1751.71964965607,22500000.0
88800000.00000001,265.79284765025545,2080.14947996263,29500000.0
88800000.00000001,265.79284765025545,2080.14947996263,29500000.0
88800000.00000001,265.79284765025545,2080.14947996263,29500000.0
88800000.00000001,265.79284765025545,2080.14947996263,29500000.0
89000000.00000001,321.8814695599455,2142.449464387634,22800000.0
89000000.00000001,321.8814695599455,2142.449464387634,22800000.0
89000000.00000001,321.8814695599455,2142.449464387634,22800000.0
89000000.00000001,321.8814695599455,2142.449464387634,22800000.0
89000000.00000001,321.8814695599455,2142.449464387634,22800000.0
89000000.00000001,321.8814695599455,2142.449464387634,22800000.0
89000000.00000001,321.8814695599455,2142.449464387634,22800000.0
89000000.00000001,321.8814695599455,2142.449464387634,22800000.0
89000000.00000001,321.8814695599455,2142.449464387634,22800000.0
89000000.00000001,321.8814695599455,2142.449464387634,22800000.0
89000000.00000001,321.8814695599455,2142.449464387634,22800000.0
89000000.00000001,321.8814695599455,2142.449464387634,22800000.0
89000000.00000001,321.8814695599455,2142.449464387634,22800000.0
89000000.00000001,321.8814695599455,2142.449464387634,22800000.0
89000000.00000001,321.8814695599455,2142.449464387634,22800000.0
89000000.00000001,321.8814695599455,2142.449464387634,22800000.0
89000000.00000001,321.8814695599455,2142.449464387634,22800000.0
89000000.00000001,321.8814695599455,2142.449464387634,22800000.0
95400000.0,639.3962726149529,3641.0740897314777,142700000.0
89800000.00000001,356.37035717146824,1422.179715564057,8700000.0
89800000.00000001,356.37035717146824,1422.179715564057,8700000.0
89800000.00000001,356.37035717146824,1422.179715564057,8700000.0
89800000.00000001,356.37035717146824,1422.179715564057,8700000.0
94200000.0,512.8999810037044,2522.174369456408,26000000.0
100800000.0,1961.2771835783096,5878.773530306617,133600000.00000004
95600000.0,479.98146370439014,2237.24944068764,3900000.0
98600000.0,427.53212758813834,2123.424469143883,8000000.0
99000000.0,472.21069742104646,2190.774452306387,4200000.0
99000000.0,472.21069742104646,2190.774452306387,4200000.0
99000000.0,472.21069742104646,2190.774452306387,4200000.0
99000000.0,472.21069742104646,2190.774452306387,4200000.0
99000000.0,472.21069742104646,2190.774452306387,4200000.0
99000000.0,472.21069742104646,2190.774452306387,4200000.0
99000000.0,472.21069742104646,2190.774452306387,4200000.0
100200000.0,468.6678404047199,2364.524408868898,32500000.0
100200000.0,468.6678404047199,2364.524408868898,32500000.0
100200000.0,468.6678404047199,2364.524408868898,32500000.0
100200000.0,468.6678404047199,2364.524408868898,32500000.0
100200000.0,468.6678404047199,2364.524408868898,32500000.0
100200000.0,513.2321245274242,2426.649393337652,25500000.0
100200000.0,468.6678404047199,2364.524408868898,32500000.0
100200000.0,468.6678404047199,2364.524408868898,32500000.0
100200000.0,468.6678404047199,2364.524408868898,32500000.0
100200000.0,468.6678404047199,2364.524408868898,32500000.0
100200000.0,513.2321245274242,2426.649393337652,25500000.0
105200000.0,571.4499795910721,1575.759684848063,12000000.0
105400000.0,741.4962688334715,2588.924352768912,6900000.0
103600000.0,522.5714099081639,2378.9744052563988,25400000.0
103600000.0,522.5714099081639,2378.9744052563988,25400000.0
103600000.0,522.5714099081639,2378.9744052563988,25400000.0
103600000.0,522.5714099081639,2378.9744052563988,25400000.0
103600000.0,522.5714099081639,2378.9744052563988,25400000.0
103600000.0,522.5714099081639,2378.9744052563988,25400000.0
109000000.0,628.4071204140313,1614.0796771840646,12900000.000000002
109000000.0,628.4071204140313,1614.0796771840646,12900000.000000002
109000000.0,628.4071204140313,1614.0796771840646,12900000.000000002
122200000.0,2734.262088263187,9626.322593419352,94100000.0
109600000.0,572.5482561190257,2224.749443812639,6000000.0
110200000.0,617.7585993876345,2314.6494213376445,6600000.0
110200000.0,617.7585993876345,2314.6494213376445,6600000.0
110200000.0,617.7585993876345,2314.6494213376445,6600000.0
116200000.0,747.7654914563623,3252.349186912703,95800000.0
117600000.0,2063.8303450508542,4924.948768762807,9300000.0
113600000.0,626.9310128644478,2268.924432768892,6900000.0
113600000.0,660.7344599746738,2425.299393675152,5700000.0
113600000.0,660.7344599746738,2425.299393675152,5700000.0
113600000.0,660.7344599746738,2425.299393675152,5700000.0
114200000.0,672.4103216410233,2360.449409887647,7200000.0
114200000.0,672.4103216410233,2360.449409887647,7200000.0
114200000.0,672.4103216410233,2360.449409887647,7200000.0
118200000.0,727.0930783761006,2406.5993983501503,8100000.0
118200000.0,727.0930783761006,2406.5993983501503,8100000.0
118200000.0,758.8206634889426,2549.1243627189087,6900000.0
118200000.0,727.0930783761006,2406.5993983501503,8100000.0
124800000.0,794.9466401684451,2547.64936308766,8100000.0
116.79988320011682,2.9166665046296383,26.909997309000268,52.64997367501316
128400000.0,852.3133049228898,2257.8244355438915,17100000.0
129400000.0,861.826637939112,2547.299363175159,10800000.0
137400000.0,967.936634402112,2641.9993395001648,12300000.0
938.8990611009392,295.4557663898484,0.0,1188.6888228506211
148800000.00000003,1090.7483519113434,2784.024303993924,15000000.0
187600000.0,14169.072938469842,93994.006005994,93900000.0
5.066664977778341,428.5176439079585,0.0,640.9147334688697
1584.098415901584,381.8226764760549,0.0,1283.5175715577898
644.049677975161,189.7397411571828,1913.2749043362544,579.7997101001449
1482.0985179014824,369.7686238257978,0.0,1826.7054540719196
1859.49814050186,421.6554413697481,0.0,2454.534877273256
458.92488526877867,871.1122942905802,0.0,610.7032061063483
1061.998938001062,307.7635384607965,0.0,1093.4065937728938
2048.097951902048,449.9793768043363,0.0,2535.3419718241066
5212.078957584208,784.3482072826052,0.0,7753.599295127339
586.4997067501465,214.65777658523456,0.0,3697.549857786544
3679.1981604009193,304.17023447416386,0.0,2176.7597823240217
542.3165762805705,214.21126458857373,17340.075851102687,0.0
14.799985200014802,363.7199963628,0.0,1127.7662907445697
25.766662372222942,32.89808896243255,0.0,107.28887696790255
67.59993240006762,1004.1719598331216,0.0,90374.4524063869
1667.998332001668,394.7187458883464,0.0,2139.766547790748
2357.797642202358,496.35520316296663,0.0,2880.4893220795093
2038.6326537891157,1193.557127356401,0.0,3704.899867682148
1840.24907987546,758.7287405158908,0.0,4228.257672196964
2061.198969400516,779.9780134068352,0.0,4342.233152406952
2044.265985244672,1185.278189932331,0.0,3623.330909540313
1829.979634004073,273.703225175799,0.0,8084.358383128321
3555.196444803555,485.79606890595943,0.0,2789.299535116744
1496.249251875374,604.6144377265064,0.0,3560.2298219885083
1729.9491350254325,690.8850495300569,0.0,3952.37980238101
2338.697661302339,490.3849950961501,0.0,2795.471295453748
2386.89940327515,1963.219417177508,0.0,6754.083145719913
1284.7987152012854,338.9090874857668,0.0,1616.194022576822
743.699256300744,349.5847788088612,0.0,1687.766479137058
2044.3979556020447,451.4526268268145,0.0,2587.894300672539
2277.565907478031,1342.6961366321011,0.0,5898.399796606904
1485900000.0,366.45137278484975,0.0,2052.3284736986443
1273.699363150318,512.9472903655771,0.0,924.9856702387776
1941.1980588019417,427.37407011690686,0.0,2437.869459223067
90.69998186000365,190.16921614082952,0.0,216.81995663600864
4871.395128604872,1199.2698650690377,0.0,22416.661978070424
87500000.00000001,395.62220756954787,1533.0596933880613,9000000.0
87700000.00000001,401.08887403374536,2493.274376681406,40400000.0
94100000.0,349.0642732477045,2614.559477088105,184300000.00000003
89100000.00000001,694.8039722078411,2725.04931873767,4800000.0
93700000.0,405.42498552053615,2397.74940056265,39900000.0
93700000.0,405.42498552053615,2397.74940056265,39900000.0
93700000.0,405.42498552053615,2397.74940056265,39900000.0
91900000.0,319.707131439031,2094.649476337631,22400000.0
91900000.0,319.707131439031,2094.649476337631,22400000.0
91900000.0,319.707131439031,2094.649476337631,22400000.0
91900000.0,319.707131439031,2094.649476337631,22400000.0
91900000.0,319.707131439031,2094.649476337631,22400000.0
92100000.0,364.28927270395457,2156.774460806385,15500000.0
92100000.0,364.28927270395457,2156.774460806385,15500000.0
92100000.0,364.28927270395457,2156.774460806385,15500000.0
92100000.0,364.28927270395457,2156.774460806385,15500000.0
92100000.0,364.28927270395457,2156.774460806385,15500000.0
92100000.0,364.28927270395457,2156.774460806385,15500000.0
92100000.0,364.28927270395457,2156.774460806385,15500000.0
92100000.0,364.28927270395457,2156.774460806385,15500000.0
92100000.0,364.28927270395457,2156.774460806385,15500000.0
92100000.0,364.28927270395457,2156.774460806385,15500000.0
92100000.0,364.28927270395457,2156.774460806385,15500000.0
92100000.0,364.28927270395457,2156.774460806385,15500000.0
92100000.0,364.28927270395457,2156.774460806385,15500000.0
92100000.0,364.28927270395457,2156.774460806385,15500000.0
92100000.0,364.28927270395457,2156.774460806385,15500000.0
92100000.0,364.28927270395457,2156.774460806385,15500000.0
92100000.0,364.28927270395457,2156.774460806385,15500000.0
92300000.0,424.014799110563,2219.0244452438887,8500000.0
95500000.0,1087.445788023092,3897.3240256689937,61900000.00000001
95700000.0,278.96205934613585,2511.6743720814065,103700000.0
93300000.0,517.6110919403299,2365.949408512648,3900000.0
93500000.0,360.832129970281,2335.699416075146,46900000.00000001
93500000.0,415.4036883183819,1460.3797079240585,9600000.0
93500000.0,360.832129970281,2335.699416075146,46900000.00000001
93500000.0,360.832129970281,2335.699416075146,46900000.00000001
93500000.0,360.832129970281,2335.699416075146,46900000.00000001
93500000.0,360.832129970281,2335.699416075146,46900000.00000001
93500000.0,360.832129970281,2335.699416075146,46900000.00000001
93500000.0,360.832129970281,2335.699416075146,46900000.00000001
93500000.0,360.832129970281,2335.699416075146,46900000.00000001
93500000.0,360.832129970281,2335.699416075146,46900000.00000001
93500000.0,360.832129970281,2335.699416075146,46900000.00000001
93500000.0,360.832129970281,2335.699416075146,46900000.00000001
93500000.0,360.832129970281,2335.699416075146,46900000.00000001
93500000.0,360.832129970281,2335.699416075146,46900000.00000001
93500000.0,360.832129970281,2335.699416075146,46900000.00000001
93500000.0,360.832129970281,2335.699416075146,46900000.00000001
97500000.0,457.52498365982194,1498.85970022806,10500000.0
97500000.0,568.8184974511666,2536.499365875158,18900000.0
97700000.0,615.0333105543218,2598.7493503126625,11900000.0
100900000.0,1302.3416124024327,4277.048930737768,65100000.0
95500000.0,373.6285580846944,2109.099472725132,15100000.000000002
95500000.0,373.6285580846944,2109.099472725132,15100000.000000002
95500000.0,373.6285580846944,2109.099472725132,15100000.000000002
95700000.0,418.2106993496178,2171.224457193885,8100000.0
95700000.0,418.2106993496178,2171.224457193885,8100000.0
95700000.0,418.2106993496178,2171.224457193885,8100000.0
95700000.0,418.2106993496178,2171.224457193885,8100000.0
95700000.0,418.2106993496178,2171.224457193885,8100000.0
95700000.0,418.2106993496178,2171.224457193885,8100000.0
95700000.0,418.2106993496178,2171.224457193885,8100000.0
95700000.0,418.2106993496178,2171.224457193885,8100000.0
95700000.0,418.2106993496178,2171.224457193885,8100000.0
95700000.0,418.2106993496178,2171.224457193885,8100000.0
95700000.0,418.2106993496178,2171.224457193885,8100000.0
95700000.0,418.2106993496178,2171.224457193885,8100000.0
96900000.0,414.735699473725,2350.0244124938968,39600000.0
96900000.0,414.735699473725,2350.0244124938968,39600000.0
96900000.0,414.735699473725,2350.0244124938968,39600000.0
96900000.0,414.735699473725,2350.0244124938968,39600000.0
96900000.0,414.735699473725,2350.0244124938968,39600000.0
96900000.0,414.735699473725,2350.0244124938968,39600000.0
96900000.0,414.735699473725,2350.0244124938968,39600000.0
97100000.0,459.3285550239801,2412.3243969189007,32600000.000000004
97100000.0,459.3285550239801,2412.3243969189007,32600000.000000004
101500000.0,514.4928387681128,1537.2396925520611,11400000.0
101900000.0,481.5821256577812,2144.0994639751334,4500000.0
101900000.0,481.5821256577812,2144.0994639751334,4500000.0
102700000.0,527.4678383047201,2227.949443012639,4800000.0
102700000.0,527.4678383047201,2227.949443012639,4800000.0
102700000.0,527.4678383047201,2227.949443012639,4800000.0
102700000.0,527.4678383047201,2227.949443012639,4800000.0
102700000.0,527.4678383047201,2227.949443012639,4800000.0
102700000.0,527.4678383047201,2227.949443012639,4800000.0
102700000.0,527.4678383047201,2227.949443012639,4800000.0
102700000.0,527.4678383047201,2227.949443012639,4800000.0
102700000.0,527.4678383047201,2227.949443012639,4800000.0
102700000.0,527.4678383047201,2227.949443012639,4800000.0
102700000.0,527.4678383047201,2227.949443012639,4800000.0
103300000.0,574.0249794991079,2316.174420956395,5400000.0
115800000.0,4180.264459984443,10713.89642870119,116700000.0
105900000.0,518.4206717785975,2182.149454462636,5100000.0
105900000.0,518.4206717785975,2182.149454462636,5100000.0
106500000.0,583.5142648744906,2270.524432368892,5700000.0
106500000.0,583.5142648744906,2270.524432368892,5700000.0
106500000.0,583.5142648744906,2270.524432368892,5700000.0
106500000.0,583.5142648744906,2270.524432368892,5700000.0
106700000.0,556.596532531154,2393.4244016439,18100000.000000004
106700000.0,556.596532531154,2393.4244016439,18100000.000000004
106700000.0,556.596532531154,2393.4244016439,18100000.000000004
106700000.0,556.596532531154,2393.4244016439,18100000.000000004
106700000.0,556.596532531154,2393.4244016439,18100000.000000004
106700000.0,556.596532531154,2393.4244016439,18100000.000000004
106900000.0,621.0571206765313,2455.549386112654,11100000.000000002
115700000.0,2570.3713061727944,5433.27364168159,12900000.000000002
112700000.0,661.7310116644479,1652.559669488066,13800000.0
110300000.0,608.6585997014275,2407.7493980626505,11000000.0
110300000.0,608.6585997014275,2407.7493980626505,11000000.0
110500000.0,651.7068740790733,2472.1243819689043,5400000.0
116500000.0,837.9678272154346,2636.424340893915,9000000.0
116700000.0,716.7241132164097,1690.9796618040675,14700000.0
116700000.0,716.7241132164097,1690.9796618040675,14700000.0
117100000.0,713.9310098644479,2461.4493846376536,6300000.0
117100000.0,713.9310098644479,2461.4493846376536,6300000.0
117100000.0,713.9310098644479,2461.4493846376536,6300000.0
117100000.0,713.9310098644479,2461.4493846376536,6300000.0
117500000.0,2051.4651281971683,5010.9487472628125,12200000.0
131500000.0,4096.7554417567935,11633.497091625726,31500000.0
121100000.0,767.9930769657559,2503.4743741314064,7200000.0
121900000.0,781.775835111178,2452.6243868439037,9000000.0
122300000.0,1468.4191742915702,4019.3239951690007,7800000.0
125700000.0,838.8599720380009,2638.9243402689144,8700000.0
125900000.0,808.7666397077786,2500.0243749939063,9900000.0
145000000.0,8943.19931206159,14425.561858146046,15000000.0
171100000.00000003,14537.099192383375,93705.1062948937,129800000.0
1781.2982187017817,405.36146417099576,0.0,1518.318112803722
1763.3991183004407,691.5277700941359,0.0,3829.7952804638503
3250.5852499163934,1253.6525480300957,0.0,9877.345155231966
1664.866111711296,345.6354130662978,0.0,4776.539522346048
3744.249063937734,1750.3749124812546,0.0,0.0
1955.898044101956,441.79782128480633,0.0,2320.052804702776
1365.3986346013655,354.2031213103842,0.0,1487.75615701524
1920.4993598335464,1088.3678441860973,0.0,5366.199801251859
1390.3986096013907,118.23808960771,0.0,1750.0997083167154
687.783218702797,169.6899830310017,1160.556977063289,0.0
1265.1993674003163,611.0204745660184,0.0,9464.139369057377
21.899978100021904,471.69663469162487,0.0,240.5997594002406
333.59988880003704,151.29922960539056,0.0,295.44992613751845
1793.898206101794,410.58910484565246,0.0,2230.674888466256
2905.2970947029057,572.180802301204,0.0,3242.186815557094
2864.598567700716,1079.5365722007734,0.0,3979.244690370873
1160.918076280175,613.9148034460221,2422.36945989698,0.0
1463.3985366014635,367.4029666593766,0.0,1744.0387919978448
1937.9990310004848,743.4066584065927,0.0,4152.791123791691
2495.6975043024954,515.8360771563292,0.0,2998.9248500537574
729.7248175687955,1777.3907418862964,0.0,31539.361410106427
2069.7979302020703,543.3223465491488,0.0,9881.977865573012
2287.519542496092,2666.793505374298,0.0,7504.64717093034
1904.4980955019048,423.2816474928289,0.0,2415.4042428085118
314.5996854003146,345.2133103191126,0.0,380.499873166709
508.8099491190052,91.81999795955562,0.0,880.3221244086529
1265.355508690537,459.29255196996655,0.0,7829.936521257938
2248.798875600562,915.858962617193,0.0,5319.3815763917455
1048.5994757002622,464.819095900909,0.0,2497.281093919932
3878.9826868362184,2578.3248161597035,0.0,19434.067398206986
